order_id,product_id,quantity,q_left,trash
2,33120,4,4,0.0
2,28985,4,4,0.0
2,9327,2,2,0.0
2,45918,5,5,0.0
2,30035,2,2,0.0
2,17794,5,5,0.0
2,40141,5,5,0.0
2,1819,3,3,0.0
2,43668,3,3,0.0
3,33754,5,5,0.0
3,24838,3,3,0.0
3,17704,1,1,0.0
3,21903,3,3,0.0
3,17668,2,2,0.0
3,46667,5,5,0.0
3,17461,3,3,0.0
3,32665,2,2,0.0
4,46842,5,5,0.0
4,26434,1,1,0.0
4,39758,4,4,0.0
4,27761,3,3,0.0
4,10054,5,5,0.0
4,21351,3,3,0.0
4,22598,3,3,0.0
4,34862,1,1,0.0
4,40285,4,4,0.0
4,17616,1,1,0.0
4,25146,3,3,0.0
4,32645,4,4,0.0
4,41276,3,3,0.0
5,13176,4,4,0.0
5,15005,4,4,0.0
5,47329,2,2,0.0
5,27966,1,1,0.0
5,23909,5,5,0.0
5,48370,4,4,0.0
5,13245,4,4,0.0
5,9633,4,4,0.0
5,27360,2,2,0.0
5,6348,2,2,0.0
5,40878,1,1,0.0
5,6184,2,2,0.0
5,48002,5,5,0.0
5,20914,1,1,0.0
5,37011,5,5,0.0
5,12962,5,5,0.0
5,45698,4,4,0.0
5,24773,1,1,0.0
5,18569,3,3,0.0
5,41176,1,1,0.0
5,48366,1,1,0.0
5,47209,1,1,0.0
5,46522,3,3,0.0
5,38693,3,3,0.0
5,48825,5,5,0.0
5,8479,2,2,0.0
6,40462,1,1,0.0
6,15873,1,1,0.0
6,41897,5,5,0.0
7,34050,4,4,0.0
7,46802,3,3,0.0
8,23423,3,3,0.0
9,21405,5,5,0.0
9,47890,3,3,0.0
9,11182,2,2,0.0
9,2014,5,5,0.0
9,29193,2,2,0.0
9,34203,2,2,0.0
9,14992,3,3,0.0
9,31506,1,1,0.0
9,23288,5,5,0.0
9,44533,2,2,0.0
9,18362,3,3,0.0
9,27366,2,2,0.0
9,432,4,4,0.0
9,3990,2,2,0.0
9,14183,5,5,0.0
10,24852,5,5,0.0
10,4796,4,4,0.0
10,31717,4,4,0.0
10,47766,1,1,0.0
10,4605,3,3,0.0
10,1529,5,5,0.0
10,21137,5,5,0.0
10,22122,2,2,0.0
10,34134,3,3,0.0
10,27156,4,4,0.0
10,14992,5,5,0.0
10,49235,1,1,0.0
10,26842,1,1,0.0
10,3464,4,4,0.0
10,25720,1,1,0.0
11,30162,1,1,0.0
11,27085,2,2,0.0
11,5994,1,1,0.0
11,1313,5,5,0.0
11,31506,1,1,0.0
12,30597,5,5,0.0
12,15221,5,5,0.0
12,43772,2,2,0.0
12,37886,4,4,0.0
12,37215,1,1,0.0
12,34335,1,1,0.0
12,3164,4,4,0.0
12,26910,1,1,0.0
12,38888,5,5,0.0
12,38050,2,2,0.0
12,25213,5,5,0.0
12,11175,1,1,0.0
12,23390,3,3,0.0
12,29471,3,3,0.0
12,43511,5,5,0.0
13,17330,1,1,0.0
13,27407,4,4,0.0
13,35419,3,3,0.0
13,196,5,5,0.0
13,44635,3,3,0.0
13,26878,2,2,0.0
13,25783,3,3,0.0
13,41290,1,1,0.0
13,33198,1,1,0.0
13,23020,4,4,0.0
13,36086,3,3,0.0
13,3800,2,2,0.0
13,25952,5,5,0.0
14,20392,5,5,0.0
14,27845,1,1,0.0
14,162,4,4,0.0
14,2452,3,3,0.0
14,8575,2,2,0.0
14,41890,4,4,0.0
14,39475,5,5,0.0
14,10096,3,3,0.0
14,23032,4,4,0.0
14,20995,3,3,0.0
14,45066,3,3,0.0
15,19660,3,3,0.0
15,21195,4,4,0.0
15,7461,2,2,0.0
15,2996,3,3,0.0
15,32463,4,4,0.0
16,9755,5,5,0.0
16,25466,2,2,0.0
16,45437,4,4,0.0
18,8021,2,2,0.0
18,34969,1,1,0.0
18,1000,2,2,0.0
18,5212,1,1,0.0
18,36011,5,5,0.0
18,44632,2,2,0.0
18,46969,4,4,0.0
18,27966,1,1,0.0
18,38985,5,5,0.0
18,26648,1,1,0.0
18,48745,5,5,0.0
18,7948,1,1,0.0
18,4802,4,4,0.0
18,28934,5,5,0.0
18,2116,5,5,0.0
18,45495,5,5,0.0
18,32018,3,3,0.0
18,27644,4,4,0.0
18,4656,5,5,0.0
18,9848,2,2,0.0
18,17568,4,4,0.0
18,23339,4,4,0.0
18,7308,2,2,0.0
18,35547,1,1,0.0
18,33279,2,2,0.0
18,46979,4,4,0.0
18,47766,4,4,0.0
18,1057,4,4,0.0
19,42265,5,5,0.0
19,24838,1,1,0.0
19,41540,2,2,0.0
20,35430,5,5,0.0
20,47485,4,4,0.0
20,7419,3,3,0.0
20,5112,1,1,0.0
20,33452,2,2,0.0
20,24852,2,2,0.0
20,42633,2,2,0.0
20,27605,1,1,0.0
21,5009,2,2,0.0
21,33106,5,5,0.0
21,4149,4,4,0.0
21,31478,5,5,0.0
21,25718,5,5,0.0
22,23909,5,5,0.0
22,22754,5,5,0.0
22,24852,5,5,0.0
22,28993,4,4,0.0
22,41273,4,4,0.0
22,23341,4,4,0.0
22,46941,5,5,0.0
22,39993,3,3,0.0
22,19068,4,4,0.0
22,21410,2,2,0.0
22,17341,1,1,0.0
22,40593,1,1,0.0
22,46979,1,1,0.0
22,31268,1,1,0.0
23,25931,3,3,0.0
23,35163,5,5,0.0
23,29662,2,2,0.0
23,26283,3,3,0.0
23,47766,4,4,0.0
23,12036,4,4,0.0
23,13497,2,2,0.0
23,44953,2,2,0.0
23,7969,5,5,0.0
23,8518,2,2,0.0
23,18689,2,2,0.0
23,44299,3,3,0.0
23,8381,2,2,0.0
23,32205,3,3,0.0
24,40078,4,4,0.0
24,9065,1,1,0.0
24,46175,2,2,0.0
25,9755,1,1,0.0
25,31487,1,1,0.0
25,37510,4,4,0.0
25,14576,2,2,0.0
25,22105,5,5,0.0
25,1934,4,4,0.0
25,6383,2,2,0.0
25,39046,3,3,0.0
25,48171,5,5,0.0
25,33506,4,4,0.0
25,30320,4,4,0.0
25,15925,5,5,0.0
25,37449,3,3,0.0
25,48299,1,1,0.0
26,35951,4,4,0.0
26,24852,4,4,0.0
26,46206,3,3,0.0
26,25890,2,2,0.0
26,33120,2,2,0.0
26,21903,3,3,0.0
26,40545,2,2,0.0
26,47766,2,2,0.0
27,13176,3,3,0.0
27,30442,2,2,0.0
27,13646,1,1,0.0
27,21019,5,5,0.0
27,38226,1,1,0.0
27,18479,1,1,0.0
27,47766,5,5,0.0
27,17794,4,4,0.0
27,42701,3,3,0.0
27,21938,5,5,0.0
27,5373,2,2,0.0
27,28849,5,5,0.0
27,41588,5,5,0.0
27,3382,5,5,0.0
27,19478,1,1,0.0
27,28985,1,1,0.0
27,49383,4,4,0.0
27,40604,4,4,0.0
27,8654,4,4,0.0
27,2447,3,3,0.0
27,24489,1,1,0.0
27,26128,2,2,0.0
27,15527,2,2,0.0
27,41950,1,1,0.0
27,20638,4,4,0.0
27,27451,3,3,0.0
27,10243,4,4,0.0
28,35108,5,5,0.0
28,40593,5,5,0.0
28,17461,5,5,0.0
28,22825,3,3,0.0
28,25256,3,3,0.0
28,47626,4,4,0.0
28,37220,4,4,0.0
28,12980,3,3,0.0
28,27548,5,5,0.0
28,45504,1,1,0.0
28,18531,5,5,0.0
28,47209,2,2,0.0
28,24024,5,5,0.0
28,38544,5,5,0.0
28,37288,1,1,0.0
28,31915,4,4,0.0
29,43352,5,5,0.0
29,21386,3,3,0.0
29,13176,4,4,0.0
29,8571,2,2,0.0
29,33768,5,5,0.0
30,48559,2,2,0.0
30,1158,4,4,0.0
30,42944,5,5,0.0
31,48946,3,3,0.0
31,22935,5,5,0.0
31,21903,5,5,0.0
31,31717,5,5,0.0
31,4920,4,4,0.0
31,25647,2,2,0.0
31,49156,5,5,0.0
31,29926,4,4,0.0
31,47900,5,5,0.0
31,9436,4,4,0.0
32,12384,4,4,0.0
32,15991,3,3,0.0
32,13176,3,3,0.0
32,20995,5,5,0.0
32,18362,4,4,0.0
32,35887,1,1,0.0
32,49683,4,4,0.0
32,4920,3,3,0.0
32,28199,2,2,0.0
33,5699,3,3,0.0
33,32740,3,3,0.0
33,8592,5,5,0.0
33,1446,4,4,0.0
33,46313,2,2,0.0
33,19970,4,4,0.0
33,49390,5,5,0.0
33,32981,3,3,0.0
33,40063,2,2,0.0
35,28413,1,1,0.0
35,24532,1,1,0.0
35,14715,2,2,0.0
35,16974,2,2,0.0
35,37980,2,2,0.0
37,35561,1,1,0.0
37,33059,4,4,0.0
37,43721,5,5,0.0
39,48679,4,4,0.0
39,4605,4,4,0.0
39,28204,2,2,0.0
39,21903,5,5,0.0
39,8385,3,3,0.0
40,10070,1,1,0.0
40,42450,1,1,0.0
40,33198,2,2,0.0
40,34866,2,2,0.0
41,27344,3,3,0.0
41,27355,1,1,0.0
42,19887,4,4,0.0
42,33000,5,5,0.0
42,13176,5,5,0.0
43,20915,3,3,0.0
43,21949,5,5,0.0
43,8817,3,3,0.0
43,37867,3,3,0.0
43,12850,4,4,0.0
43,21553,5,5,0.0
43,34005,4,4,0.0
44,31509,4,4,0.0
44,27979,1,1,0.0
44,20955,4,4,0.0
44,383,2,2,0.0
44,44384,3,3,0.0
44,28012,2,2,0.0
44,27356,1,1,0.0
44,13966,3,3,0.0
44,2240,2,2,0.0
44,17341,2,2,0.0
45,16349,2,2,0.0
46,36884,2,2,0.0
46,48183,1,1,0.0
46,26172,4,4,0.0
46,4778,2,2,0.0
46,34519,3,3,0.0
46,11983,5,5,0.0
46,18346,3,3,0.0
46,21067,1,1,0.0
46,41602,2,2,0.0
46,27656,5,5,0.0
46,17417,4,4,0.0
46,22282,1,1,0.0
46,47827,4,4,0.0
46,32917,4,4,0.0
46,5077,2,2,0.0
46,4447,1,1,0.0
46,3703,5,5,0.0
46,34233,4,4,0.0
46,28921,1,1,0.0
46,15364,3,3,0.0
47,16797,2,2,0.0
47,39275,5,5,0.0
47,43352,2,2,0.0
47,46041,4,4,0.0
47,29223,2,2,0.0
48,14129,4,4,0.0
48,22298,2,2,0.0
48,17600,3,3,0.0
48,6141,3,3,0.0
48,42169,4,4,0.0
48,12144,2,2,0.0
48,11403,3,3,0.0
48,36929,4,4,0.0
49,3513,1,1,0.0
49,39276,3,3,0.0
49,20307,5,5,0.0
49,19677,3,3,0.0
50,397,5,5,0.0
50,34993,1,1,0.0
50,17183,2,2,0.0
50,37788,1,1,0.0
50,1025,4,4,0.0
50,4799,1,1,0.0
50,276,2,2,0.0
51,30274,2,2,0.0
51,3594,1,1,0.0
51,14994,1,1,0.0
51,45433,5,5,0.0
51,44514,1,1,0.0
51,32624,5,5,0.0
51,604,2,2,0.0
51,21195,3,3,0.0
51,4493,3,3,0.0
52,18963,1,1,0.0
52,24852,5,5,0.0
52,39408,3,3,0.0
52,49683,2,2,0.0
52,4485,4,4,0.0
53,24852,5,5,0.0
53,37646,1,1,0.0
53,47209,4,4,0.0
53,36606,1,1,0.0
53,32442,2,2,0.0
53,14467,4,4,0.0
53,40706,5,5,0.0
53,5876,4,4,0.0
53,22298,3,3,0.0
53,38827,1,1,0.0
53,39275,5,5,0.0
53,38647,5,5,0.0
53,47626,2,2,0.0
53,34448,4,4,0.0
53,46194,1,1,0.0
54,10833,3,3,0.0
54,24852,1,1,0.0
54,34004,4,4,0.0
54,35430,2,2,0.0
54,11121,3,3,0.0
54,36086,1,1,0.0
54,32971,4,4,0.0
55,42736,3,3,0.0
55,8671,5,5,0.0
55,17872,4,4,0.0
55,5876,3,3,0.0
55,27966,3,3,0.0
55,13176,4,4,0.0
55,8251,1,1,0.0
55,24385,3,3,0.0
55,30391,5,5,0.0
55,8518,1,1,0.0
55,32734,1,1,0.0
55,11520,3,3,0.0
55,18234,1,1,0.0
55,32177,1,1,0.0
55,40709,3,3,0.0
55,45123,5,5,0.0
55,3464,5,5,0.0
55,41950,4,4,0.0
55,26940,2,2,0.0
55,6740,4,4,0.0
55,38315,3,3,0.0
55,25800,3,3,0.0
56,7021,1,1,0.0
56,4799,2,2,0.0
56,24964,1,1,0.0
56,11520,3,3,0.0
56,9076,5,5,0.0
56,1376,4,4,0.0
56,47209,2,2,0.0
56,21903,3,3,0.0
56,21910,2,2,0.0
56,34050,2,2,0.0
57,21903,3,3,0.0
57,47231,1,1,0.0
57,21137,4,4,0.0
57,43122,4,4,0.0
57,19057,2,2,0.0
57,47209,3,3,0.0
57,48857,4,4,0.0
58,23375,4,4,0.0
58,2825,5,5,0.0
58,22825,2,2,0.0
58,13176,4,4,0.0
58,26604,4,4,0.0
58,42265,2,2,0.0
59,32549,4,4,0.0
59,46077,2,2,0.0
59,12902,4,4,0.0
60,9934,2,2,0.0
60,22395,2,2,0.0
60,36929,4,4,0.0
60,37110,2,2,0.0
60,13176,1,1,0.0
60,37646,2,2,0.0
60,27966,1,1,0.0
60,17123,2,2,0.0
60,38777,2,2,0.0
60,2298,5,5,0.0
60,48628,3,3,0.0
60,781,5,5,0.0
60,13249,1,1,0.0
60,22935,5,5,0.0
60,890,3,3,0.0
60,17794,1,1,0.0
60,22963,3,3,0.0
60,44910,3,3,0.0
61,42265,1,1,0.0
61,22507,1,1,0.0
61,4149,1,1,0.0
61,29127,3,3,0.0
61,15541,1,1,0.0
61,13042,4,4,0.0
61,20940,3,3,0.0
61,10473,4,4,0.0
61,17207,2,2,0.0
61,38928,5,5,0.0
61,6184,2,2,0.0
61,16974,1,1,0.0
62,10017,1,1,0.0
62,43394,5,5,0.0
62,37766,5,5,0.0
62,26209,2,2,0.0
62,47766,4,4,0.0
62,28849,4,4,0.0
62,20114,3,3,0.0
63,25886,2,2,0.0
63,41674,2,2,0.0
63,9327,1,1,0.0
63,24203,4,4,0.0
63,34854,4,4,0.0
63,34640,3,3,0.0
63,6046,4,4,0.0
63,287,2,2,0.0
63,12508,1,1,0.0
63,13733,4,4,0.0
64,17889,5,5,0.0
64,9292,2,2,0.0
64,15424,2,2,0.0
64,18988,1,1,0.0
64,38959,2,2,0.0
65,19155,2,2,0.0
65,1940,5,5,0.0
65,25170,3,3,0.0
66,3397,1,1,0.0
66,21955,4,4,0.0
66,38689,5,5,0.0
66,45368,3,3,0.0
66,7658,4,4,0.0
66,37102,1,1,0.0
67,13176,4,4,0.0
67,11422,2,2,0.0
67,27514,1,1,0.0
67,46654,3,3,0.0
67,47993,3,3,0.0
67,5438,4,4,0.0
67,46226,3,3,0.0
67,25670,4,4,0.0
68,43739,5,5,0.0
68,17924,5,5,0.0
68,31805,3,3,0.0
68,9387,1,1,0.0
68,196,3,3,0.0
68,7768,5,5,0.0
68,17207,2,2,0.0
68,1629,2,2,0.0
68,21288,2,2,0.0
69,43875,1,1,0.0
69,27845,4,4,0.0
69,47049,1,1,0.0
69,8186,5,5,0.0
69,34134,5,5,0.0
69,42345,4,4,0.0
69,28682,4,4,0.0
69,36342,2,2,0.0
69,12341,3,3,0.0
69,11140,4,4,0.0
69,23060,4,4,0.0
70,11067,2,2,0.0
70,11481,2,2,0.0
70,44008,1,1,0.0
70,35824,2,2,0.0
71,10017,1,1,0.0
71,12023,1,1,0.0
71,47209,4,4,0.0
71,41544,5,5,0.0
71,5876,1,1,0.0
71,31553,3,3,0.0
71,31717,3,3,0.0
71,26209,5,5,0.0
71,39389,2,2,0.0
71,44632,1,1,0.0
72,28204,3,3,0.0
72,39108,3,3,0.0
72,4472,3,3,0.0
72,43950,1,1,0.0
72,29228,4,4,0.0
72,42548,2,2,0.0
72,20588,3,3,0.0
72,24852,4,4,0.0
72,47479,1,1,0.0
72,38515,3,3,0.0
72,5514,2,2,0.0
73,28413,4,4,0.0
73,24125,2,2,0.0
73,11759,4,4,0.0
73,21903,5,5,0.0
74,46667,4,4,0.0
74,14129,4,4,0.0
74,11136,3,3,0.0
74,27247,5,5,0.0
74,17902,2,2,0.0
74,45681,5,5,0.0
74,7715,3,3,0.0
74,15392,4,4,0.0
74,12456,2,2,0.0
74,14540,5,5,0.0
74,26369,5,5,0.0
75,25138,4,4,0.0
75,2361,3,3,0.0
75,10915,1,1,0.0
75,39275,2,2,0.0
75,21616,1,1,0.0
75,12341,4,4,0.0
75,33768,1,1,0.0
75,40709,2,2,0.0
75,24889,5,5,0.0
75,5959,3,3,0.0
75,43889,5,5,0.0
75,45646,3,3,0.0
75,44077,3,3,0.0
75,21019,3,3,0.0
75,46383,3,3,0.0
75,25195,4,4,0.0
76,31974,3,3,0.0
76,14159,1,1,0.0
76,33357,1,1,0.0
76,38996,3,3,0.0
76,39844,3,3,0.0
77,49510,4,4,0.0
77,36481,5,5,0.0
77,5120,4,4,0.0
77,43154,2,2,0.0
77,24184,1,1,0.0
77,2295,5,5,0.0
77,8277,3,3,0.0
77,34969,2,2,0.0
77,47626,5,5,0.0
77,15290,4,4,0.0
77,2979,2,2,0.0
77,22935,1,1,0.0
77,30391,4,4,0.0
77,23233,4,4,0.0
77,48057,3,3,0.0
77,31040,1,1,0.0
77,38944,2,2,0.0
77,39619,4,4,0.0
77,38273,1,1,0.0
77,36550,4,4,0.0
77,18079,5,5,0.0
78,32403,1,1,0.0
78,12899,1,1,0.0
78,21573,5,5,0.0
78,32455,2,2,0.0
78,16797,2,2,0.0
79,4210,1,1,0.0
79,4377,4,4,0.0
79,39461,3,3,0.0
79,13627,1,1,0.0
79,13110,3,3,0.0
79,12397,3,3,0.0
79,4840,5,5,0.0
79,11256,1,1,0.0
80,10761,1,1,0.0
80,27845,1,1,0.0
80,42118,5,5,0.0
80,24852,5,5,0.0
80,23734,3,3,0.0
80,2295,1,1,0.0
80,26604,5,5,0.0
81,25931,5,5,0.0
81,43014,1,1,0.0
81,24838,3,3,0.0
81,47209,5,5,0.0
81,15040,4,4,0.0
81,22867,3,3,0.0
81,10385,1,1,0.0
81,21137,4,4,0.0
81,39928,4,4,0.0
81,46394,3,3,0.0
81,44683,3,3,0.0
82,35417,5,5,0.0
82,14117,1,1,0.0
82,3376,1,1,0.0
82,20520,1,1,0.0
82,4421,2,2,0.0
82,39469,3,3,0.0
82,16797,5,5,0.0
82,37646,5,5,0.0
83,13176,4,4,0.0
83,1087,5,5,0.0
83,35503,4,4,0.0
83,4945,3,3,0.0
83,40587,2,2,0.0
83,11574,1,1,0.0
83,37935,2,2,0.0
83,43352,3,3,0.0
83,39561,4,4,0.0
83,2124,3,3,0.0
83,13292,5,5,0.0
83,12023,3,3,0.0
83,4605,2,2,0.0
83,10060,3,3,0.0
84,1463,2,2,0.0
84,11193,5,5,0.0
84,34423,2,2,0.0
84,28842,2,2,0.0
84,13984,5,5,0.0
84,42300,5,5,0.0
84,17594,4,4,0.0
84,34065,5,5,0.0
84,18306,2,2,0.0
85,16797,4,4,0.0
85,19691,3,3,0.0
85,32259,5,5,0.0
85,20217,2,2,0.0
85,21349,2,2,0.0
85,33776,3,3,0.0
85,41611,2,2,0.0
85,34063,3,3,0.0
85,42240,4,4,0.0
86,37634,2,2,0.0
86,36004,3,3,0.0
86,45253,3,3,0.0
86,47123,4,4,0.0
86,32566,2,2,0.0
86,23115,2,2,0.0
86,22950,2,2,0.0
86,17706,5,5,0.0
87,16797,4,4,0.0
87,39947,1,1,0.0
87,31748,5,5,0.0
87,44119,4,4,0.0
87,38770,2,2,0.0
87,49279,5,5,0.0
87,2707,4,4,0.0
87,45312,5,5,0.0
87,40338,1,1,0.0
87,46881,5,5,0.0
87,6128,3,3,0.0
87,13637,2,2,0.0
87,4105,1,1,0.0
87,46052,2,2,0.0
87,8538,1,1,0.0
88,21616,2,2,0.0
88,19511,2,2,0.0
88,47626,1,1,0.0
88,35628,2,2,0.0
88,18523,4,4,0.0
88,24852,4,4,0.0
88,2067,2,2,0.0
88,21137,4,4,0.0
88,43961,4,4,0.0
88,7485,3,3,0.0
88,9366,5,5,0.0
88,47766,4,4,0.0
88,30442,2,2,0.0
88,49131,1,1,0.0
88,46654,2,2,0.0
88,27690,4,4,0.0
88,27548,2,2,0.0
88,1158,2,2,0.0
88,26252,1,1,0.0
88,49683,3,3,0.0
88,15649,5,5,0.0
88,38400,1,1,0.0
88,28993,5,5,0.0
89,17794,4,4,0.0
89,20600,2,2,0.0
89,5876,4,4,0.0
89,37011,5,5,0.0
89,26648,3,3,0.0
90,42265,4,4,0.0
90,33043,4,4,0.0
90,890,3,3,0.0
90,44449,3,3,0.0
90,12797,1,1,0.0
91,5825,3,3,0.0
91,44303,2,2,0.0
91,48784,2,2,0.0
91,23293,4,4,0.0
91,42813,2,2,0.0
91,6218,1,1,0.0
92,44116,3,3,0.0
92,21903,3,3,0.0
92,4793,3,3,0.0
92,39121,4,4,0.0
92,29742,3,3,0.0
92,18288,5,5,0.0
92,45633,4,4,0.0
92,2929,1,1,0.0
92,1376,3,3,0.0
92,35503,3,3,0.0
92,14332,2,2,0.0
92,35704,5,5,0.0
92,14540,5,5,0.0
92,25230,3,3,0.0
92,48385,3,3,0.0
92,35561,5,5,0.0
92,1392,3,3,0.0
92,1374,1,1,0.0
92,39928,1,1,0.0
92,21137,2,2,0.0
92,24852,3,3,0.0
92,26604,1,1,0.0
92,49235,5,5,0.0
92,44375,5,5,0.0
92,5646,2,2,0.0
93,13194,5,5,0.0
93,47226,4,4,0.0
93,28454,4,4,0.0
93,33671,5,5,0.0
93,39620,1,1,0.0
93,23909,5,5,0.0
93,39581,2,2,0.0
93,27323,3,3,0.0
93,42677,1,1,0.0
93,4966,4,4,0.0
93,39408,3,3,0.0
93,13176,5,5,0.0
93,29487,4,4,0.0
93,25727,1,1,0.0
94,35221,2,2,0.0
94,16521,2,2,0.0
94,11520,2,2,0.0
94,17948,1,1,0.0
95,9337,5,5,0.0
95,10121,4,4,0.0
95,37630,3,3,0.0
95,22035,3,3,0.0
95,20379,5,5,0.0
95,39928,5,5,0.0
95,12395,2,2,0.0
95,21137,1,1,0.0
95,10849,3,3,0.0
95,47766,2,2,0.0
95,48464,5,5,0.0
95,49683,1,1,0.0
95,48287,4,4,0.0
95,37158,4,4,0.0
97,4366,3,3,0.0
97,17600,1,1,0.0
97,12276,5,5,0.0
97,30949,2,2,0.0
97,46175,2,2,0.0
97,36772,3,3,0.0
97,30850,4,4,0.0
97,44116,1,1,0.0
97,25451,3,3,0.0
97,2275,1,1,0.0
97,28465,3,3,0.0
97,10761,3,3,0.0
97,19019,2,2,0.0
97,33439,1,1,0.0
97,34565,4,4,0.0
97,35134,4,4,0.0
97,38782,2,2,0.0
97,38090,2,2,0.0
97,33184,1,1,0.0
97,1136,5,5,0.0
97,37460,5,5,0.0
97,28515,4,4,0.0
97,4006,4,4,0.0
97,37867,3,3,0.0
97,41973,5,5,0.0
97,27177,2,2,0.0
97,29963,5,5,0.0
99,46584,5,5,0.0
99,38200,1,1,0.0
99,13991,1,1,0.0
99,8025,4,4,0.0
99,32105,5,5,0.0
99,35176,1,1,0.0
99,12157,1,1,0.0
100,19660,1,1,0.0
100,196,2,2,0.0
101,6249,2,2,0.0
101,1408,4,4,0.0
101,5729,1,1,0.0
101,9138,5,5,0.0
101,16570,2,2,0.0
101,4472,2,2,0.0
101,21616,2,2,0.0
101,44926,5,5,0.0
101,47852,3,3,0.0
101,3561,4,4,0.0
101,37825,2,2,0.0
101,47626,5,5,0.0
102,29487,4,4,0.0
102,44625,4,4,0.0
102,27966,5,5,0.0
102,24830,1,1,0.0
102,27104,2,2,0.0
102,39001,1,1,0.0
102,19446,5,5,0.0
102,44570,4,4,0.0
102,26410,2,2,0.0
102,37462,4,4,0.0
103,30850,4,4,0.0
103,5794,1,1,0.0
103,1695,2,2,0.0
103,40386,2,2,0.0
104,28745,5,5,0.0
104,22124,1,1,0.0
104,26604,5,5,0.0
104,5212,3,3,0.0
105,1194,2,2,0.0
105,12276,2,2,0.0
105,13176,2,2,0.0
105,27423,4,4,0.0
105,17600,4,4,0.0
105,4920,3,3,0.0
105,28204,5,5,0.0
105,26790,4,4,0.0
105,27690,5,5,0.0
105,42443,2,2,0.0
105,4210,3,3,0.0
105,11712,4,4,0.0
106,4210,4,4,0.0
106,11210,3,3,0.0
106,2839,3,3,0.0
106,19836,5,5,0.0
106,49505,3,3,0.0
106,27288,5,5,0.0
106,23011,1,1,0.0
106,37449,4,4,0.0
106,47144,4,4,0.0
106,22620,1,1,0.0
106,24184,4,4,0.0
106,18019,5,5,0.0
106,19539,3,3,0.0
106,14168,5,5,0.0
106,16177,5,5,0.0
106,21938,3,3,0.0
106,44455,1,1,0.0
106,16370,1,1,0.0
106,27509,3,3,0.0
106,42548,1,1,0.0
106,30958,5,5,0.0
106,4497,2,2,0.0
106,12945,5,5,0.0
106,39335,2,2,0.0
106,46167,3,3,0.0
106,30413,2,2,0.0
106,31562,3,3,0.0
106,38819,5,5,0.0
106,20114,2,2,0.0
106,34092,4,4,0.0
106,5048,4,4,0.0
106,26179,1,1,0.0
106,14936,2,2,0.0
106,5672,5,5,0.0
107,35535,3,3,0.0
107,31577,1,1,0.0
107,47783,2,2,0.0
107,30391,2,2,0.0
107,43394,3,3,0.0
107,16953,2,2,0.0
107,11513,5,5,0.0
108,36011,3,3,0.0
108,21847,3,3,0.0
108,14872,2,2,0.0
108,42075,5,5,0.0
108,38381,4,4,0.0
108,7751,4,4,0.0
108,42383,1,1,0.0
108,5212,1,1,0.0
108,13708,3,3,0.0
109,36217,1,1,0.0
109,8195,4,4,0.0
109,25146,5,5,0.0
109,7948,4,4,0.0
109,4715,5,5,0.0
109,10616,5,5,0.0
109,49478,2,2,0.0
109,18848,3,3,0.0
109,26165,5,5,0.0
109,14131,2,2,0.0
109,19076,5,5,0.0
109,35871,2,2,0.0
109,49056,4,4,0.0
109,31555,2,2,0.0
109,22894,2,2,0.0
109,37751,2,2,0.0
109,42240,3,3,0.0
109,15452,4,4,0.0
109,33651,5,5,0.0
109,36066,2,2,0.0
109,40310,4,4,0.0
110,5876,5,5,0.0
110,35951,1,1,0.0
110,9450,4,4,0.0
110,26216,3,3,0.0
110,21405,3,3,0.0
110,24852,3,3,0.0
110,6873,4,4,0.0
110,34969,1,1,0.0
110,20114,1,1,0.0
110,23689,5,5,0.0
111,16797,4,4,0.0
111,20574,3,3,0.0
111,17461,4,4,0.0
111,15429,1,1,0.0
111,49683,3,3,0.0
113,46654,3,3,0.0
113,35503,2,2,0.0
113,27171,3,3,0.0
113,21903,2,2,0.0
113,19706,4,4,0.0
113,8193,3,3,0.0
113,46313,3,3,0.0
114,24954,5,5,0.0
114,1688,3,3,0.0
114,37371,1,1,0.0
114,5782,1,1,0.0
114,1263,1,1,0.0
114,23763,5,5,0.0
114,24385,2,2,0.0
114,4495,4,4,0.0
114,31164,2,2,0.0
114,31766,1,1,0.0
115,45504,4,4,0.0
115,35003,1,1,0.0
115,48657,4,4,0.0
115,23955,4,4,0.0
115,22920,2,2,0.0
115,23375,2,2,0.0
115,39636,4,4,0.0
115,48590,4,4,0.0
115,37358,3,3,0.0
115,1186,3,3,0.0
115,40332,2,2,0.0
115,49199,2,2,0.0
116,27104,5,5,0.0
116,42342,3,3,0.0
117,2078,4,4,0.0
117,27756,4,4,0.0
117,44987,3,3,0.0
117,27323,1,1,0.0
117,49465,4,4,0.0
117,35898,2,2,0.0
117,40593,2,2,0.0
117,39481,3,3,0.0
117,11132,4,4,0.0
117,20119,4,4,0.0
117,14947,5,5,0.0
117,21283,1,1,0.0
117,31660,4,4,0.0
117,33351,2,2,0.0
117,44603,3,3,0.0
118,8571,3,3,0.0
118,21292,1,1,0.0
118,32303,5,5,0.0
118,16283,1,1,0.0
119,18908,1,1,0.0
119,22395,5,5,0.0
119,23400,2,2,0.0
119,17206,3,3,0.0
119,44142,4,4,0.0
119,29987,3,3,0.0
119,31506,5,5,0.0
119,28425,1,1,0.0
119,12572,5,5,0.0
120,40545,4,4,0.0
120,26604,1,1,0.0
120,28204,5,5,0.0
120,41273,4,4,0.0
120,48205,1,1,0.0
120,42834,1,1,0.0
120,31323,1,1,0.0
120,1503,2,2,0.0
120,46703,4,4,0.0
120,5068,5,5,0.0
120,28156,3,3,0.0
120,26689,2,2,0.0
120,33120,1,1,0.0
120,19061,5,5,0.0
120,39037,2,2,0.0
120,11022,2,2,0.0
121,42493,4,4,0.0
121,13372,4,4,0.0
121,3696,3,3,0.0
121,48532,1,1,0.0
121,38579,2,2,0.0
122,17794,3,3,0.0
122,18644,5,5,0.0
123,44632,5,5,0.0
123,9839,5,5,0.0
123,22035,3,3,0.0
123,16825,2,2,0.0
123,48246,2,2,0.0
123,14917,3,3,0.0
123,46823,5,5,0.0
123,6692,1,1,0.0
123,8859,3,3,0.0
123,37464,2,2,0.0
123,26604,2,2,0.0
123,19048,2,2,0.0
123,49273,2,2,0.0
123,43908,1,1,0.0
123,37646,1,1,0.0
123,28123,3,3,0.0
123,44683,5,5,0.0
123,36010,5,5,0.0
124,44570,5,5,0.0
124,24630,2,2,0.0
124,28527,3,3,0.0
124,21405,5,5,0.0
124,4853,4,4,0.0
124,26698,2,2,0.0
124,11513,2,2,0.0
124,28990,3,3,0.0
125,6656,4,4,0.0
125,22035,5,5,0.0
125,30489,3,3,0.0
125,36550,1,1,0.0
125,17835,1,1,0.0
125,22963,4,4,0.0
125,13176,3,3,0.0
125,49215,1,1,0.0
125,26282,2,2,0.0
125,49235,5,5,0.0
125,43961,5,5,0.0
125,44359,4,4,0.0
125,11068,1,1,0.0
125,43249,3,3,0.0
125,39619,2,2,0.0
125,29987,4,4,0.0
125,17948,2,2,0.0
125,20549,3,3,0.0
125,49175,1,1,0.0
125,35750,1,1,0.0
125,21777,2,2,0.0
125,17807,5,5,0.0
125,23074,3,3,0.0
125,2002,3,3,0.0
125,36735,1,1,0.0
125,1463,2,2,0.0
126,14650,1,1,0.0
126,6104,5,5,0.0
126,7054,3,3,0.0
126,25890,2,2,0.0
126,47209,5,5,0.0
126,24866,4,4,0.0
127,16797,3,3,0.0
127,9076,1,1,0.0
127,23549,3,3,0.0
127,37052,1,1,0.0
127,4313,2,2,0.0
127,25197,1,1,0.0
127,7644,5,5,0.0
127,47357,3,3,0.0
127,45064,5,5,0.0
127,9515,4,4,0.0
127,15902,5,5,0.0
127,39938,3,3,0.0
128,4421,2,2,0.0
128,18770,1,1,0.0
128,24184,2,2,0.0
128,13176,2,2,0.0
128,42265,2,2,0.0
128,16249,3,3,0.0
128,28278,2,2,0.0
128,7010,1,1,0.0
128,41290,4,4,0.0
128,39984,1,1,0.0
129,13176,1,1,0.0
129,35628,5,5,0.0
129,33454,2,2,0.0
129,15649,2,2,0.0
129,26634,4,4,0.0
129,13198,4,4,0.0
129,41950,4,4,0.0
129,24850,1,1,0.0
129,17471,1,1,0.0
129,5194,5,5,0.0
129,38995,1,1,0.0
129,7067,3,3,0.0
129,31073,4,4,0.0
129,47509,2,2,0.0
129,14715,2,2,0.0
129,10017,4,4,0.0
129,43338,4,4,0.0
129,27845,3,3,0.0
130,39218,3,3,0.0
130,4276,4,4,0.0
130,14357,3,3,0.0
130,18376,2,2,0.0
130,24852,2,2,0.0
130,33232,3,3,0.0
130,12496,2,2,0.0
130,8309,2,2,0.0
130,19057,5,5,0.0
130,44449,3,3,0.0
130,34358,2,2,0.0
130,9436,5,5,0.0
130,35221,4,4,0.0
130,3583,5,5,0.0
131,5876,5,5,0.0
131,24964,3,3,0.0
131,31717,5,5,0.0
131,34126,2,2,0.0
131,39984,5,5,0.0
131,45007,5,5,0.0
131,20869,3,3,0.0
131,22935,2,2,0.0
131,26937,4,4,0.0
131,21174,4,4,0.0
131,40706,1,1,0.0
131,21405,1,1,0.0
131,39475,5,5,0.0
131,5588,5,5,0.0
131,42768,3,3,0.0
131,4544,1,1,0.0
131,28826,5,5,0.0
131,29506,1,1,0.0
132,36640,3,3,0.0
132,17980,3,3,0.0
132,8239,3,3,0.0
132,17830,5,5,0.0
132,39871,1,1,0.0
132,19677,1,1,0.0
132,43295,2,2,0.0
132,48057,4,4,0.0
132,33156,3,3,0.0
132,11447,4,4,0.0
132,25533,4,4,0.0
133,48679,1,1,0.0
133,18670,2,2,0.0
134,43961,2,2,0.0
134,17316,4,4,0.0
134,14852,3,3,0.0
134,30696,2,2,0.0
134,169,4,4,0.0
134,36076,4,4,0.0
134,30169,4,4,0.0
134,42460,1,1,0.0
134,48423,2,2,0.0
134,45763,2,2,0.0
134,28156,4,4,0.0
134,8638,2,2,0.0
134,5547,1,1,0.0
134,17029,1,1,0.0
134,9018,4,4,0.0
134,25952,1,1,0.0
134,41970,5,5,0.0
135,25513,5,5,0.0
135,40709,2,2,0.0
135,47866,2,2,0.0
135,13870,3,3,0.0
135,21903,3,3,0.0
135,43513,3,3,0.0
135,31778,3,3,0.0
135,16900,4,4,0.0
135,45951,2,2,0.0
135,49227,1,1,0.0
136,47766,4,4,0.0
136,18465,1,1,0.0
136,29926,1,1,0.0
136,11005,2,2,0.0
138,24363,1,1,0.0
138,29625,2,2,0.0
138,22935,1,1,0.0
138,15995,2,2,0.0
138,38890,5,5,0.0
138,28432,2,2,0.0
139,14678,2,2,0.0
139,19678,3,3,0.0
139,22935,2,2,0.0
139,21903,4,4,0.0
139,33731,4,4,0.0
139,2386,3,3,0.0
140,4516,4,4,0.0
140,2712,2,2,0.0
140,44560,2,2,0.0
140,35042,1,1,0.0
140,7898,4,4,0.0
140,43154,1,1,0.0
140,32655,5,5,0.0
140,18721,2,2,0.0
140,22618,5,5,0.0
141,21131,1,1,0.0
141,16696,2,2,0.0
141,43616,1,1,0.0
141,42972,4,4,0.0
141,6991,5,5,0.0
141,1694,2,2,0.0
141,36316,3,3,0.0
141,23909,2,2,0.0
141,34185,5,5,0.0
141,43693,2,2,0.0
141,32650,4,4,0.0
141,30913,5,5,0.0
141,13641,2,2,0.0
141,13627,4,4,0.0
141,10957,4,4,0.0
142,19348,4,4,0.0
142,15979,2,2,0.0
142,20269,5,5,0.0
142,24186,4,4,0.0
142,32638,4,4,0.0
142,46222,4,4,0.0
142,46261,2,2,0.0
143,47626,3,3,0.0
143,15386,5,5,0.0
143,24852,2,2,0.0
143,4605,3,3,0.0
143,8518,4,4,0.0
143,49098,1,1,0.0
143,34067,1,1,0.0
143,36070,2,2,0.0
143,3148,4,4,0.0
143,15902,2,2,0.0
143,45066,3,3,0.0
143,18498,2,2,0.0
143,22866,2,2,0.0
143,24838,4,4,0.0
143,47185,5,5,0.0
143,13802,4,4,0.0
143,12218,2,2,0.0
143,43183,3,3,0.0
143,26040,4,4,0.0
143,46844,5,5,0.0
143,42352,4,4,0.0
143,37611,2,2,0.0
143,14850,3,3,0.0
143,29529,2,2,0.0
143,277,4,4,0.0
144,45437,4,4,0.0
144,35921,4,4,0.0
144,43394,4,4,0.0
144,12384,1,1,0.0
144,1503,5,5,0.0
144,24799,1,1,0.0
144,22474,3,3,0.0
144,8424,4,4,0.0
144,46069,1,1,0.0
144,26047,5,5,0.0
144,45948,2,2,0.0
144,19448,5,5,0.0
144,17794,1,1,0.0
144,7948,2,2,0.0
145,31651,2,2,0.0
145,35898,4,4,0.0
145,26348,2,2,0.0
146,12078,4,4,0.0
146,13575,1,1,0.0
146,43352,3,3,0.0
146,21288,4,4,0.0
146,32303,3,3,0.0
146,26348,4,4,0.0
146,41400,5,5,0.0
146,30591,2,2,0.0
146,19660,5,5,0.0
146,16797,4,4,0.0
146,37710,5,5,0.0
146,13914,4,4,0.0
146,24135,3,3,0.0
147,432,4,4,0.0
147,26346,1,1,0.0
147,21938,2,2,0.0
147,24184,1,1,0.0
147,4605,3,3,0.0
147,5605,4,4,0.0
147,23537,1,1,0.0
147,12838,4,4,0.0
147,17794,2,2,0.0
147,31433,5,5,0.0
147,31553,1,1,0.0
147,1360,1,1,0.0
148,38650,3,3,0.0
148,25659,5,5,0.0
148,35951,5,5,0.0
148,34197,3,3,0.0
148,11712,4,4,0.0
148,26940,3,3,0.0
148,48364,4,4,0.0
148,21903,2,2,0.0
148,14881,3,3,0.0
148,34720,3,3,0.0
148,1158,1,1,0.0
148,26606,1,1,0.0
148,47209,5,5,0.0
148,21614,1,1,0.0
149,15383,1,1,0.0
149,33129,1,1,0.0
149,2390,2,2,0.0
150,14127,4,4,0.0
150,45645,3,3,0.0
150,21506,2,2,0.0
151,46931,1,1,0.0
151,26152,4,4,0.0
151,48697,3,3,0.0
151,30486,5,5,0.0
152,13176,1,1,0.0
152,6184,4,4,0.0
152,5161,1,1,0.0
152,4557,4,4,0.0
152,40969,2,2,0.0
153,26620,4,4,0.0
153,12576,5,5,0.0
153,40632,2,2,0.0
153,40599,3,3,0.0
153,47717,3,3,0.0
153,33716,2,2,0.0
153,48493,1,1,0.0
153,19448,2,2,0.0
153,23765,3,3,0.0
154,30489,4,4,0.0
154,25246,1,1,0.0
154,41801,3,3,0.0
154,11806,1,1,0.0
155,7308,2,2,0.0
155,10749,3,3,0.0
155,19048,1,1,0.0
155,17619,2,2,0.0
155,18531,5,5,0.0
155,27243,3,3,0.0
156,35383,3,3,0.0
156,13829,1,1,0.0
156,42719,4,4,0.0
156,12276,1,1,0.0
156,46720,1,1,0.0
157,42768,2,2,0.0
157,3494,4,4,0.0
157,1529,5,5,0.0
157,37193,1,1,0.0
157,39275,2,2,0.0
157,13984,3,3,0.0
157,43789,2,2,0.0
158,27966,4,4,0.0
158,16387,1,1,0.0
158,15712,2,2,0.0
158,37022,1,1,0.0
158,49683,5,5,0.0
158,24852,4,4,0.0
158,11422,2,2,0.0
158,47209,4,4,0.0
159,21616,3,3,0.0
159,30391,5,5,0.0
159,17949,5,5,0.0
159,5479,2,2,0.0
160,31915,4,4,0.0
160,21137,1,1,0.0
160,24390,2,2,0.0
160,25477,3,3,0.0
160,25331,4,4,0.0
161,40310,4,4,0.0
161,14464,2,2,0.0
161,34047,1,1,0.0
161,32691,5,5,0.0
161,12276,4,4,0.0
161,48800,4,4,0.0
161,48097,3,3,0.0
161,32141,1,1,0.0
161,17334,1,1,0.0
162,17560,1,1,0.0
162,7503,2,2,0.0
162,38944,1,1,0.0
162,47766,3,3,0.0
162,27104,1,1,0.0
162,45007,5,5,0.0
162,32959,5,5,0.0
162,38666,3,3,0.0
162,26032,4,4,0.0
162,35750,4,4,0.0
162,8955,1,1,0.0
163,21616,4,4,0.0
163,16185,4,4,0.0
163,30391,5,5,0.0
163,33731,1,1,0.0
163,39877,2,2,0.0
163,35715,3,3,0.0
163,13176,5,5,0.0
163,27966,4,4,0.0
163,47888,4,4,0.0
163,26209,2,2,0.0
163,29077,5,5,0.0
163,31640,4,4,0.0
163,4920,5,5,0.0
163,19240,4,4,0.0
163,14211,5,5,0.0
163,26301,3,3,0.0
163,11520,4,4,0.0
163,30252,4,4,0.0
163,30489,4,4,0.0
164,40332,2,2,0.0
164,32689,4,4,0.0
164,47626,4,4,0.0
164,28985,2,2,0.0
164,6779,1,1,0.0
164,39563,1,1,0.0
165,10017,3,3,0.0
165,27521,2,2,0.0
165,13838,5,5,0.0
165,22921,2,2,0.0
165,20178,3,3,0.0
165,34339,2,2,0.0
165,47626,4,4,0.0
165,38647,1,1,0.0
165,13130,5,5,0.0
166,6690,5,5,0.0
166,21524,2,2,0.0
166,25760,1,1,0.0
166,13536,3,3,0.0
166,15805,2,2,0.0
166,11472,2,2,0.0
166,19850,2,2,0.0
166,47734,1,1,0.0
166,17251,4,4,0.0
167,10957,4,4,0.0
167,6623,2,2,0.0
167,19019,5,5,0.0
167,32303,1,1,0.0
168,27344,5,5,0.0
168,41836,2,2,0.0
168,20580,2,2,0.0
168,18366,3,3,0.0
168,19736,1,1,0.0
168,38145,1,1,0.0
169,21903,1,1,0.0
169,45066,2,2,0.0
169,25370,2,2,0.0
169,36777,5,5,0.0
169,25980,3,3,0.0
169,8021,1,1,0.0
169,25020,4,4,0.0
169,8230,3,3,0.0
169,6341,2,2,0.0
171,14645,4,4,0.0
171,48226,3,3,0.0
172,18441,5,5,0.0
172,33279,1,1,0.0
172,22507,5,5,0.0
172,651,2,2,0.0
173,42325,5,5,0.0
173,14409,2,2,0.0
173,14833,2,2,0.0
173,34124,3,3,0.0
173,17419,5,5,0.0
173,30169,5,5,0.0
174,24852,1,1,0.0
174,44422,1,1,0.0
174,7503,1,1,0.0
174,43961,3,3,0.0
174,28204,1,1,0.0
174,30884,2,2,0.0
174,11819,5,5,0.0
174,32016,4,4,0.0
174,24964,2,2,0.0
174,1463,1,1,0.0
174,27104,3,3,0.0
174,14332,1,1,0.0
174,41257,5,5,0.0
174,19184,3,3,0.0
175,3025,2,2,0.0
175,5479,4,4,0.0
175,24852,4,4,0.0
175,1516,1,1,0.0
175,12015,2,2,0.0
175,44349,3,3,0.0
175,28934,2,2,0.0
175,11777,2,2,0.0
175,32433,5,5,0.0
175,27966,3,3,0.0
175,44683,5,5,0.0
175,46346,2,2,0.0
175,48720,3,3,0.0
175,28849,5,5,0.0
176,5876,3,3,0.0
176,26497,4,4,0.0
176,17872,3,3,0.0
176,4675,3,3,0.0
176,21267,1,1,0.0
176,22825,2,2,0.0
176,41588,4,4,0.0
176,22935,1,1,0.0
176,5991,3,3,0.0
176,8518,2,2,0.0
177,21903,2,2,0.0
177,40723,2,2,0.0
177,27531,1,1,0.0
177,1158,2,2,0.0
177,37766,4,4,0.0
177,48299,3,3,0.0
177,46802,1,1,0.0
177,38159,3,3,0.0
177,35055,5,5,0.0
177,40311,5,5,0.0
177,5022,5,5,0.0
177,19906,2,2,0.0
177,29987,4,4,0.0
177,9076,4,4,0.0
177,43352,5,5,0.0
177,33731,3,3,0.0
177,24852,4,4,0.0
178,49235,5,5,0.0
178,6369,4,4,0.0
179,40604,5,5,0.0
179,31040,3,3,0.0
179,31242,3,3,0.0
179,30382,2,2,0.0
179,31343,3,3,0.0
179,21616,4,4,0.0
180,37385,1,1,0.0
180,27521,1,1,0.0
180,18234,2,2,0.0
180,35163,1,1,0.0
180,31717,4,4,0.0
180,5876,5,5,0.0
180,24933,3,3,0.0
180,17948,3,3,0.0
180,26604,2,2,0.0
180,22825,5,5,0.0
180,13176,1,1,0.0
180,41960,1,1,0.0
180,5825,2,2,0.0
180,21938,2,2,0.0
180,47209,2,2,0.0
180,16521,1,1,0.0
180,7079,1,1,0.0
181,20995,3,3,0.0
181,35166,3,3,0.0
181,8903,4,4,0.0
181,38456,1,1,0.0
181,24852,4,4,0.0
181,7461,5,5,0.0
181,14084,3,3,0.0
181,33746,3,3,0.0
183,4305,4,4,0.0
183,23789,3,3,0.0
183,6376,4,4,0.0
183,49628,4,4,0.0
183,31215,4,4,0.0
183,11512,4,4,0.0
183,49247,4,4,0.0
184,21962,5,5,0.0
184,24852,4,4,0.0
184,45265,2,2,0.0
184,23405,4,4,0.0
184,23431,1,1,0.0
184,16797,5,5,0.0
184,9710,5,5,0.0
184,1080,5,5,0.0
185,23165,4,4,0.0
185,24964,5,5,0.0
185,39812,5,5,0.0
185,11520,3,3,0.0
185,41556,1,1,0.0
185,27392,5,5,0.0
185,20899,4,4,0.0
185,5134,1,1,0.0
185,37825,4,4,0.0
185,37029,2,2,0.0
186,7781,1,1,0.0
186,44085,1,1,0.0
186,20082,4,4,0.0
186,43692,5,5,0.0
186,14947,3,3,0.0
186,41351,2,2,0.0
186,25830,5,5,0.0
186,28892,5,5,0.0
186,20314,2,2,0.0
187,24852,5,5,0.0
187,30183,3,3,0.0
187,41351,1,1,0.0
187,31869,2,2,0.0
187,6128,3,3,0.0
187,34862,4,4,0.0
187,4595,3,3,0.0
187,16797,3,3,0.0
187,5077,1,1,0.0
187,23687,5,5,0.0
188,26497,2,2,0.0
188,38275,5,5,0.0
188,38419,2,2,0.0
188,1025,3,3,0.0
188,48679,3,3,0.0
188,30305,3,3,0.0
189,35986,4,4,0.0
189,18718,3,3,0.0
189,19660,5,5,0.0
189,2966,2,2,0.0
189,19894,2,2,0.0
190,21903,5,5,0.0
190,34243,5,5,0.0
190,16797,4,4,0.0
190,23543,5,5,0.0
190,3957,4,4,0.0
190,48104,2,2,0.0
190,25659,3,3,0.0
190,22395,2,2,0.0
190,23400,5,5,0.0
190,42768,1,1,0.0
190,22959,4,4,0.0
191,24325,5,5,0.0
191,41391,1,1,0.0
191,29116,4,4,0.0
191,12811,3,3,0.0
191,2178,1,1,0.0
192,5876,1,1,0.0
192,49476,3,3,0.0
192,9598,5,5,0.0
192,18224,1,1,0.0
192,36082,2,2,0.0
192,8174,3,3,0.0
192,12456,2,2,0.0
192,15700,5,5,0.0
192,18413,1,1,0.0
192,19240,5,5,0.0
192,29117,1,1,0.0
192,43295,1,1,0.0
192,47253,3,3,0.0
192,5677,1,1,0.0
192,33527,1,1,0.0
193,12409,4,4,0.0
193,45946,2,2,0.0
193,32028,4,4,0.0
193,21291,2,2,0.0
193,3873,3,3,0.0
193,13176,3,3,0.0
193,35921,3,3,0.0
193,36646,4,4,0.0
193,42001,5,5,0.0
193,3545,4,4,0.0
193,49075,1,1,0.0
193,29594,3,3,0.0
194,3149,2,2,0.0
194,13514,5,5,0.0
194,28012,5,5,0.0
194,1860,3,3,0.0
194,45,3,3,0.0
194,16275,1,1,0.0
194,3990,5,5,0.0
194,29252,2,2,0.0
195,13176,4,4,0.0
195,3066,2,2,0.0
195,13629,4,4,0.0
195,33845,3,3,0.0
195,36522,5,5,0.0
195,43955,1,1,0.0
195,11408,1,1,0.0
195,9366,1,1,0.0
195,5746,5,5,0.0
195,4799,2,2,0.0
195,39329,1,1,0.0
195,16797,3,3,0.0
195,38777,1,1,0.0
195,49683,5,5,0.0
195,30103,5,5,0.0
195,34664,2,2,0.0
195,22654,5,5,0.0
195,23734,3,3,0.0
195,32839,3,3,0.0
195,31343,4,4,0.0
195,37985,1,1,0.0
195,38188,1,1,0.0
195,33043,2,2,0.0
195,25753,3,3,0.0
195,34851,3,3,0.0
196,13740,5,5,0.0
196,39561,1,1,0.0
196,49396,1,1,0.0
196,32293,1,1,0.0
196,30774,2,2,0.0
196,21137,5,5,0.0
196,24838,3,3,0.0
196,25931,3,3,0.0
196,33352,3,3,0.0
196,4562,1,1,0.0
197,2994,1,1,0.0
197,21137,3,3,0.0
197,45535,4,4,0.0
197,6347,3,3,0.0
197,46709,2,2,0.0
197,19660,2,2,0.0
197,42585,4,4,0.0
197,30450,3,3,0.0
197,3142,4,4,0.0
197,47630,4,4,0.0
198,33000,4,4,0.0
198,32374,4,4,0.0
198,2421,3,3,0.0
198,20842,2,2,0.0
198,24852,3,3,0.0
198,15740,1,1,0.0
198,45368,5,5,0.0
198,21417,1,1,0.0
198,47893,2,2,0.0
198,27778,4,4,0.0
199,1503,1,1,0.0
199,13070,4,4,0.0
199,23217,4,4,0.0
199,13176,3,3,0.0
199,5077,2,2,0.0
199,15097,3,3,0.0
199,1688,3,3,0.0
200,9434,2,2,0.0
200,196,1,1,0.0
200,19660,5,5,0.0
201,28476,2,2,0.0
201,40486,1,1,0.0
201,4605,1,1,0.0
201,8262,3,3,0.0
201,39507,1,1,0.0
201,14499,2,2,0.0
201,15269,5,5,0.0
201,27323,5,5,0.0
202,20406,2,2,0.0
203,26348,2,2,0.0
204,45368,1,1,0.0
204,28682,4,4,0.0
204,29987,1,1,0.0
204,39812,2,2,0.0
204,31343,4,4,0.0
204,38885,2,2,0.0
205,25146,4,4,0.0
205,28836,4,4,0.0
205,5785,1,1,0.0
206,47626,1,1,0.0
206,40174,1,1,0.0
206,16607,1,1,0.0
206,39928,4,4,0.0
206,20142,4,4,0.0
206,41787,4,4,0.0
206,20211,4,4,0.0
207,5385,5,5,0.0
207,27360,4,4,0.0
207,22128,4,4,0.0
207,2408,4,4,0.0
207,7860,1,1,0.0
207,44337,3,3,0.0
208,35350,5,5,0.0
208,36681,5,5,0.0
208,32429,2,2,0.0
208,34503,5,5,0.0
208,1582,1,1,0.0
208,28632,2,2,0.0
208,24852,5,5,0.0
208,36849,1,1,0.0
208,45066,1,1,0.0
208,48395,4,4,0.0
208,36736,3,3,0.0
208,3880,5,5,0.0
208,44926,1,1,0.0
208,34050,3,3,0.0
209,39409,5,5,0.0
209,20842,1,1,0.0
209,16965,2,2,0.0
209,8021,2,2,0.0
209,23001,2,2,0.0
210,47626,3,3,0.0
210,5479,2,2,0.0
210,48679,3,3,0.0
210,44683,5,5,0.0
210,29650,3,3,0.0
210,46969,2,2,0.0
210,45066,1,1,0.0
210,27104,2,2,0.0
210,7948,4,4,0.0
210,5161,1,1,0.0
210,41757,4,4,0.0
210,37067,3,3,0.0
210,26324,1,1,0.0
210,39261,2,2,0.0
210,10286,4,4,0.0
210,10504,1,1,0.0
210,86,3,3,0.0
211,46654,3,3,0.0
211,16797,1,1,0.0
212,17122,2,2,0.0
212,21137,4,4,0.0
212,40120,4,4,0.0
212,8953,5,5,0.0
213,46064,1,1,0.0
213,27156,2,2,0.0
213,9390,3,3,0.0
213,9076,4,4,0.0
213,46802,2,2,0.0
213,1158,3,3,0.0
213,28553,5,5,0.0
213,21077,4,4,0.0
213,21903,1,1,0.0
213,24852,2,2,0.0
213,26165,1,1,0.0
213,11941,5,5,0.0
214,5499,5,5,0.0
214,8424,4,4,0.0
214,37053,5,5,0.0
214,24852,3,3,0.0
214,21329,1,1,0.0
214,25093,3,3,0.0
214,25043,2,2,0.0
214,25890,2,2,0.0
214,40545,2,2,0.0
215,49235,5,5,0.0
215,37215,5,5,0.0
216,32850,3,3,0.0
216,49520,3,3,0.0
216,26521,2,2,0.0
216,21137,5,5,0.0
216,10831,2,2,0.0
216,8667,5,5,0.0
216,3849,5,5,0.0
216,14947,5,5,0.0
217,11262,2,2,0.0
217,3142,5,5,0.0
217,1360,1,1,0.0
219,13176,3,3,0.0
219,7987,2,2,0.0
219,21903,2,2,0.0
219,43352,2,2,0.0
220,3919,3,3,0.0
220,11432,3,3,0.0
220,14992,1,1,0.0
221,24010,1,1,0.0
221,4658,4,4,0.0
221,39097,4,4,0.0
221,40699,2,2,0.0
221,5926,2,2,0.0
221,39046,1,1,0.0
221,37797,4,4,0.0
221,4210,3,3,0.0
221,32156,3,3,0.0
222,24852,2,2,0.0
222,47626,4,4,0.0
222,35522,1,1,0.0
222,21903,3,3,0.0
222,25043,5,5,0.0
222,8424,2,2,0.0
222,28204,4,4,0.0
222,45613,1,1,0.0
222,14267,3,3,0.0
222,25146,4,4,0.0
222,42768,5,5,0.0
222,49667,4,4,0.0
222,44765,1,1,0.0
222,38273,2,2,0.0
222,31343,5,5,0.0
222,38012,4,4,0.0
222,35510,1,1,0.0
222,46993,2,2,0.0
223,23240,3,3,0.0
223,24852,5,5,0.0
223,44799,5,5,0.0
223,39604,4,4,0.0
223,46541,5,5,0.0
223,40733,2,2,0.0
223,46172,4,4,0.0
223,47842,3,3,0.0
223,19953,3,3,0.0
223,4895,1,1,0.0
223,33852,2,2,0.0
223,15483,4,4,0.0
223,4674,5,5,0.0
223,5636,3,3,0.0
223,29487,4,4,0.0
223,5450,1,1,0.0
223,41245,4,4,0.0
223,5025,3,3,0.0
223,4605,2,2,0.0
223,1700,4,4,0.0
223,307,3,3,0.0
223,14992,5,5,0.0
223,26283,5,5,0.0
223,27147,1,1,0.0
223,6165,2,2,0.0
223,1181,2,2,0.0
223,3999,1,1,0.0
224,47138,4,4,0.0
224,148,1,1,0.0
224,1940,3,3,0.0
224,49235,2,2,0.0
224,35003,1,1,0.0
224,33548,2,2,0.0
224,14910,3,3,0.0
224,34,2,2,0.0
224,45681,5,5,0.0
224,22620,5,5,0.0
224,19660,3,3,0.0
224,43409,1,1,0.0
224,27244,4,4,0.0
224,46817,3,3,0.0
224,12863,3,3,0.0
224,26767,5,5,0.0
224,21694,5,5,0.0
225,1559,2,2,0.0
225,24852,5,5,0.0
225,21709,1,1,0.0
225,24041,3,3,0.0
225,37646,3,3,0.0
225,8277,3,3,0.0
225,33100,4,4,0.0
225,47087,3,3,0.0
225,14947,4,4,0.0
225,36011,5,5,0.0
225,32655,1,1,0.0
227,45066,5,5,0.0
227,9551,4,4,0.0
227,25919,5,5,0.0
227,31624,2,2,0.0
227,32784,1,1,0.0
227,36070,1,1,0.0
228,24489,1,1,0.0
228,30391,5,5,0.0
228,7577,3,3,0.0
228,43086,1,1,0.0
228,36183,4,4,0.0
228,36406,1,1,0.0
228,36070,3,3,0.0
228,21174,4,4,0.0
228,23054,4,4,0.0
228,47439,3,3,0.0
228,45368,5,5,0.0
228,34217,3,3,0.0
228,45613,5,5,0.0
228,890,4,4,0.0
228,28849,3,3,0.0
228,49175,1,1,0.0
228,7628,3,3,0.0
228,24964,4,4,0.0
228,41953,2,2,0.0
228,46206,5,5,0.0
228,48716,3,3,0.0
228,8728,2,2,0.0
228,47209,4,4,0.0
228,13176,2,2,0.0
228,19709,1,1,0.0
228,25122,1,1,0.0
228,36550,4,4,0.0
228,16757,5,5,0.0
228,34224,5,5,0.0
228,27966,1,1,0.0
228,29180,1,1,0.0
229,21108,4,4,0.0
229,34276,5,5,0.0
229,27730,1,1,0.0
229,42495,1,1,0.0
229,11782,5,5,0.0
229,41690,2,2,0.0
229,17821,2,2,0.0
229,18266,1,1,0.0
229,25435,5,5,0.0
229,14579,4,4,0.0
229,40824,1,1,0.0
230,46667,5,5,0.0
230,26384,3,3,0.0
230,4925,3,3,0.0
230,41177,2,2,0.0
230,32689,1,1,0.0
230,34126,3,3,0.0
230,36953,5,5,0.0
231,46666,2,2,0.0
231,40203,4,4,0.0
231,45896,4,4,0.0
231,14464,2,2,0.0
231,36307,1,1,0.0
231,44254,5,5,0.0
231,25830,3,3,0.0
231,23621,5,5,0.0
231,14875,3,3,0.0
231,27845,5,5,0.0
231,10673,1,1,0.0
231,26552,3,3,0.0
231,8572,2,2,0.0
231,4932,5,5,0.0
231,8409,1,1,0.0
231,1197,3,3,0.0
231,32265,2,2,0.0
231,44234,1,1,0.0
231,26824,5,5,0.0
231,11381,2,2,0.0
231,21281,3,3,0.0
231,28569,2,2,0.0
231,4798,2,2,0.0
231,29471,5,5,0.0
232,17835,4,4,0.0
232,40501,1,1,0.0
232,13176,3,3,0.0
232,39534,1,1,0.0
232,27086,5,5,0.0
232,44204,4,4,0.0
232,10132,3,3,0.0
232,4792,4,4,0.0
232,7521,5,5,0.0
232,29558,3,3,0.0
232,39055,2,2,0.0
232,29142,4,4,0.0
232,28745,4,4,0.0
232,21137,2,2,0.0
232,17794,5,5,0.0
232,8193,1,1,0.0
232,22935,3,3,0.0
232,37458,3,3,0.0
232,45633,1,1,0.0
232,37220,3,3,0.0
232,22504,1,1,0.0
232,44293,4,4,0.0
233,9076,3,3,0.0
233,43352,5,5,0.0
233,21288,5,5,0.0
234,46313,4,4,0.0
234,33401,2,2,0.0
234,8424,3,3,0.0
234,24964,3,3,0.0
234,39275,3,3,0.0
234,24489,4,4,0.0
234,19019,1,1,0.0
234,2086,1,1,0.0
234,4208,5,5,0.0
234,46372,3,3,0.0
235,10749,2,2,0.0
235,29447,2,2,0.0
235,19816,5,5,0.0
235,12099,1,1,0.0
235,13176,5,5,0.0
235,44632,2,2,0.0
235,10070,4,4,0.0
235,30233,3,3,0.0
235,15290,3,3,0.0
235,25824,2,2,0.0
235,44090,2,2,0.0
235,41623,1,1,0.0
236,44632,1,1,0.0
236,6218,4,4,0.0
236,24838,3,3,0.0
236,44257,5,5,0.0
236,45645,1,1,0.0
236,31824,3,3,0.0
236,25890,1,1,0.0
236,21616,5,5,0.0
236,45066,1,1,0.0
236,41774,5,5,0.0
236,10132,1,1,0.0
237,47626,5,5,0.0
238,9124,5,5,0.0
238,35503,3,3,0.0
238,34217,3,3,0.0
238,23417,5,5,0.0
239,22959,1,1,0.0
239,24838,1,1,0.0
239,37646,3,3,0.0
239,36764,4,4,0.0
239,35921,1,1,0.0
239,41844,5,5,0.0
239,13740,2,2,0.0
239,47209,1,1,0.0
239,48679,4,4,0.0
239,9339,3,3,0.0
239,29118,4,4,0.0
239,35750,1,1,0.0
239,34126,2,2,0.0
239,16744,2,2,0.0
239,5194,4,4,0.0
239,19382,3,3,0.0
239,21903,1,1,0.0
239,27544,2,2,0.0
240,35121,5,5,0.0
240,29127,3,3,0.0
240,27985,1,1,0.0
240,14129,4,4,0.0
240,46720,5,5,0.0
240,18880,4,4,0.0
240,4889,3,3,0.0
240,9076,2,2,0.0
240,2846,4,4,0.0
240,24010,3,3,0.0
240,29978,5,5,0.0
240,39275,3,3,0.0
240,8639,1,1,0.0
240,5258,4,4,0.0
241,47626,5,5,0.0
241,46979,3,3,0.0
241,40332,3,3,0.0
241,39046,3,3,0.0
241,23623,3,3,0.0
242,19691,5,5,0.0
242,16797,4,4,0.0
242,13176,3,3,0.0
243,22281,5,5,0.0
243,37890,2,2,0.0
243,42450,3,3,0.0
243,41213,2,2,0.0
243,37067,5,5,0.0
243,45200,1,1,0.0
244,22935,5,5,0.0
244,35921,5,5,0.0
244,31506,3,3,0.0
244,48679,4,4,0.0
244,8412,2,2,0.0
244,45066,1,1,0.0
244,43122,1,1,0.0
244,19208,4,4,0.0
244,47209,2,2,0.0
244,7014,2,2,0.0
245,32455,3,3,0.0
245,10509,3,3,0.0
246,36550,1,1,0.0
246,5785,5,5,0.0
246,34557,5,5,0.0
247,2979,4,4,0.0
247,30135,2,2,0.0
247,2969,3,3,0.0
247,28058,1,1,0.0
247,16262,3,3,0.0
247,5801,1,1,0.0
247,6106,2,2,0.0
247,31596,2,2,0.0
247,29683,1,1,0.0
247,39239,2,2,0.0
247,4496,3,3,0.0
247,34688,3,3,0.0
247,11051,5,5,0.0
247,4422,2,2,0.0
247,49185,5,5,0.0
247,23204,5,5,0.0
248,7963,2,2,0.0
248,38508,4,4,0.0
248,22963,3,3,0.0
248,21903,3,3,0.0
248,44359,2,2,0.0
248,19057,2,2,0.0
248,30718,4,4,0.0
248,33911,5,5,0.0
248,36714,5,5,0.0
248,9689,5,5,0.0
248,26476,3,3,0.0
248,37630,4,4,0.0
248,21653,1,1,0.0
248,8021,3,3,0.0
249,27307,1,1,0.0
249,13535,3,3,0.0
249,18908,1,1,0.0
249,35767,2,2,0.0
249,42719,5,5,0.0
249,41950,3,3,0.0
249,21616,3,3,0.0
249,14159,5,5,0.0
249,8955,2,2,0.0
249,10644,3,3,0.0
249,7806,2,2,0.0
249,8021,5,5,0.0
249,30290,5,5,0.0
250,17902,3,3,0.0
250,38775,4,4,0.0
251,12409,4,4,0.0
251,21903,5,5,0.0
251,30391,2,2,0.0
251,46667,4,4,0.0
251,23178,4,4,0.0
251,13176,4,4,0.0
251,21616,3,3,0.0
251,8518,3,3,0.0
251,22935,4,4,0.0
251,7179,2,2,0.0
251,7936,5,5,0.0
251,5876,3,3,0.0
251,1158,1,1,0.0
251,5652,3,3,0.0
251,48679,4,4,0.0
251,24838,2,2,0.0
251,26606,2,2,0.0
251,6160,3,3,0.0
251,8774,5,5,0.0
251,44910,2,2,0.0
251,26369,2,2,0.0
251,43789,2,2,0.0
251,31717,2,2,0.0
251,3464,4,4,0.0
251,23375,5,5,0.0
252,11512,2,2,0.0
252,39984,3,3,0.0
252,46886,1,1,0.0
252,39599,3,3,0.0
252,39190,2,2,0.0
252,10749,5,5,0.0
252,14814,4,4,0.0
252,31717,4,4,0.0
253,46667,1,1,0.0
253,25256,2,2,0.0
253,47868,1,1,0.0
254,44275,1,1,0.0
254,27966,4,4,0.0
254,27695,1,1,0.0
254,45840,5,5,0.0
254,4957,2,2,0.0
254,5077,4,4,0.0
254,13176,1,1,0.0
254,17949,3,3,0.0
254,22035,1,1,0.0
254,21137,2,2,0.0
254,26329,2,2,0.0
254,5134,4,4,0.0
254,1194,1,1,0.0
254,40706,2,2,0.0
254,10753,5,5,0.0
254,16254,3,3,0.0
254,44560,4,4,0.0
254,37766,3,3,0.0
254,38293,1,1,0.0
254,5240,4,4,0.0
254,1408,3,3,0.0
254,18471,2,2,0.0
254,32578,1,1,0.0
254,26790,4,4,0.0
254,11130,3,3,0.0
254,48953,5,5,0.0
254,33731,2,2,0.0
254,47521,1,1,0.0
254,7021,5,5,0.0
254,43904,5,5,0.0
254,47629,1,1,0.0
254,35688,1,1,0.0
255,30945,4,4,0.0
255,31748,1,1,0.0
255,16508,2,2,0.0
255,47479,4,4,0.0
255,42085,3,3,0.0
255,34279,4,4,0.0
255,47565,1,1,0.0
255,44731,1,1,0.0
255,34358,4,4,0.0
255,872,4,4,0.0
255,29156,1,1,0.0
255,42345,3,3,0.0
255,47049,3,3,0.0
255,23527,2,2,0.0
255,24852,3,3,0.0
256,19348,2,2,0.0
256,47993,1,1,0.0
256,28842,5,5,0.0
256,2180,5,5,0.0
256,44142,2,2,0.0
256,48174,3,3,0.0
256,43205,2,2,0.0
256,43875,3,3,0.0
256,47888,4,4,0.0
256,47366,3,3,0.0
256,47052,4,4,0.0
256,3808,4,4,0.0
256,45607,4,4,0.0
256,16556,4,4,0.0
256,29821,3,3,0.0
256,36533,1,1,0.0
256,43958,4,4,0.0
258,24852,5,5,0.0
258,9387,2,2,0.0
258,22825,1,1,0.0
258,46969,1,1,0.0
258,3085,4,4,0.0
258,16797,4,4,0.0
258,39275,5,5,0.0
258,6348,4,4,0.0
258,27086,3,3,0.0
258,46676,3,3,0.0
258,33754,3,3,0.0
258,18523,5,5,0.0
258,47029,5,5,0.0
258,48726,2,2,0.0
258,45066,4,4,0.0
259,3957,5,5,0.0
259,1169,2,2,0.0
259,43295,2,2,0.0
259,6568,4,4,0.0
259,6287,4,4,0.0
259,20947,4,4,0.0
259,17333,2,2,0.0
259,20794,5,5,0.0
259,44632,5,5,0.0
259,44422,4,4,0.0
259,11688,3,3,0.0
259,22227,2,2,0.0
259,33462,2,2,0.0
260,37011,3,3,0.0
260,29930,4,4,0.0
260,20589,1,1,0.0
260,46823,3,3,0.0
260,42585,4,4,0.0
260,23634,4,4,0.0
260,24852,1,1,0.0
260,49683,5,5,0.0
260,41453,1,1,0.0
260,36023,2,2,0.0
260,9809,1,1,0.0
260,18583,3,3,0.0
260,44042,3,3,0.0
260,36956,5,5,0.0
260,21227,1,1,0.0
260,7542,1,1,0.0
261,25890,1,1,0.0
261,16185,2,2,0.0
261,46654,3,3,0.0
261,24009,3,3,0.0
261,28156,5,5,0.0
261,46906,1,1,0.0
261,18567,4,4,0.0
261,49533,1,1,0.0
261,19348,1,1,0.0
261,17638,5,5,0.0
262,23339,2,2,0.0
262,34969,3,3,0.0
262,24561,5,5,0.0
262,6677,4,4,0.0
263,34368,1,1,0.0
263,4180,3,3,0.0
263,42431,4,4,0.0
263,37449,3,3,0.0
264,39023,1,1,0.0
264,14897,1,1,0.0
264,31553,2,2,0.0
264,47865,5,5,0.0
265,13838,1,1,0.0
265,27845,4,4,0.0
265,13176,2,2,0.0
265,41658,3,3,0.0
265,18370,3,3,0.0
265,3896,2,2,0.0
265,10768,4,4,0.0
265,33731,3,3,0.0
265,12745,4,4,0.0
265,32689,1,1,0.0
265,21137,2,2,0.0
265,43352,5,5,0.0
265,26604,3,3,0.0
265,38772,1,1,0.0
265,20431,4,4,0.0
265,29898,4,4,0.0
265,17224,2,2,0.0
265,38656,4,4,0.0
265,18281,1,1,0.0
265,19678,4,4,0.0
265,21162,5,5,0.0
265,2141,4,4,0.0
265,1347,5,5,0.0
265,42701,1,1,0.0
265,18200,5,5,0.0
265,13776,2,2,0.0
265,27626,5,5,0.0
265,4920,1,1,0.0
265,9806,5,5,0.0
265,7021,2,2,0.0
265,46667,4,4,0.0
265,31717,1,1,0.0
265,32656,1,1,0.0
265,5373,3,3,0.0
265,21927,3,3,0.0
265,22935,1,1,0.0
266,41950,2,2,0.0
266,15923,1,1,0.0
266,24186,4,4,0.0
266,34126,4,4,0.0
266,14005,1,1,0.0
266,45854,3,3,0.0
266,39772,3,3,0.0
266,43183,2,2,0.0
266,34358,2,2,0.0
267,39877,3,3,0.0
267,30707,1,1,0.0
267,22825,3,3,0.0
267,35264,3,3,0.0
267,21137,4,4,0.0
267,42768,4,4,0.0
267,39180,1,1,0.0
267,8518,1,1,0.0
267,26369,4,4,0.0
268,44340,4,4,0.0
269,35715,5,5,0.0
270,22275,1,1,0.0
270,14999,2,2,0.0
270,21641,1,1,0.0
270,33189,3,3,0.0
270,30776,4,4,0.0
270,32109,1,1,0.0
271,21372,1,1,0.0
271,42117,2,2,0.0
271,5334,2,2,0.0
271,20112,4,4,0.0
272,35752,4,4,0.0
272,2119,1,1,0.0
272,24279,4,4,0.0
272,3308,3,3,0.0
272,47772,2,2,0.0
272,1583,2,2,0.0
272,37886,3,3,0.0
272,33109,3,3,0.0
272,812,2,2,0.0
272,31377,1,1,0.0
272,17615,3,3,0.0
272,33184,5,5,0.0
272,34931,3,3,0.0
272,10897,5,5,0.0
272,19003,3,3,0.0
272,41729,1,1,0.0
272,4920,2,2,0.0
272,1022,4,4,0.0
272,36086,1,1,0.0
272,21288,2,2,0.0
273,15131,2,2,0.0
273,16615,5,5,0.0
273,12305,4,4,0.0
273,17896,3,3,0.0
273,19674,5,5,0.0
273,45877,4,4,0.0
273,35298,3,3,0.0
273,5782,2,2,0.0
274,48094,4,4,0.0
274,24852,1,1,0.0
274,27156,4,4,0.0
274,28204,4,4,0.0
274,31506,1,1,0.0
274,17872,1,1,0.0
274,35535,1,1,0.0
274,5337,5,5,0.0
274,32760,2,2,0.0
274,13198,5,5,0.0
274,41238,1,1,0.0
274,34530,4,4,0.0
274,18963,5,5,0.0
275,24852,4,4,0.0
275,8277,5,5,0.0
275,4799,2,2,0.0
275,33731,2,2,0.0
275,27156,1,1,0.0
275,22853,5,5,0.0
275,37270,2,2,0.0
275,20995,4,4,0.0
275,22031,3,3,0.0
275,9755,3,3,0.0
275,47042,5,5,0.0
275,28986,4,4,0.0
275,17284,3,3,0.0
276,47672,4,4,0.0
276,37158,1,1,0.0
276,21938,5,5,0.0
276,14678,3,3,0.0
276,34243,2,2,0.0
276,24497,3,3,0.0
276,18242,5,5,0.0
276,28553,1,1,0.0
277,21903,4,4,0.0
277,6383,2,2,0.0
277,21616,2,2,0.0
277,41148,4,4,0.0
277,49610,1,1,0.0
277,49683,2,2,0.0
277,28581,3,3,0.0
277,15290,1,1,0.0
277,43768,4,4,0.0
278,15269,4,4,0.0
278,47626,1,1,0.0
278,42495,3,3,0.0
278,9387,5,5,0.0
278,41264,1,1,0.0
278,3880,4,4,0.0
279,22959,3,3,0.0
279,24852,1,1,0.0
279,43014,4,4,0.0
279,23630,2,2,0.0
279,27122,4,4,0.0
279,2002,3,3,0.0
279,19156,1,1,0.0
279,24489,3,3,0.0
279,17948,2,2,0.0
279,34684,1,1,0.0
279,436,5,5,0.0
279,21903,2,2,0.0
279,47626,1,1,0.0
279,17794,2,2,0.0
279,35887,4,4,0.0
280,29672,4,4,0.0
280,432,4,4,0.0
280,23102,1,1,0.0
280,44765,2,2,0.0
280,19057,5,5,0.0
280,30233,1,1,0.0
280,47766,2,2,0.0
280,22035,3,3,0.0
280,21137,1,1,0.0
280,17708,2,2,0.0
280,25936,4,4,0.0
280,36792,3,3,0.0
280,2732,4,4,0.0
280,21607,2,2,0.0
280,38293,3,3,0.0
280,8518,4,4,0.0
280,13176,2,2,0.0
280,31238,1,1,0.0
280,45002,1,1,0.0
280,17284,1,1,0.0
280,9521,2,2,0.0
280,6046,4,4,0.0
280,7358,1,1,0.0
280,13829,1,1,0.0
280,44359,4,4,0.0
280,31717,5,5,0.0
280,21387,3,3,0.0
280,17600,1,1,0.0
280,10126,2,2,0.0
281,43379,2,2,0.0
281,26209,1,1,0.0
281,24852,2,2,0.0
281,47766,3,3,0.0
281,15290,4,4,0.0
281,30391,1,1,0.0
281,26800,2,2,0.0
281,21903,1,1,0.0
281,20163,2,2,0.0
281,45066,3,3,0.0
282,2727,2,2,0.0
282,21338,4,4,0.0
282,23767,2,2,0.0
282,43892,3,3,0.0
283,21883,3,3,0.0
283,41273,3,3,0.0
283,41131,4,4,0.0
283,4187,1,1,0.0
284,7175,3,3,0.0
284,3142,1,1,0.0
284,35461,5,5,0.0
284,48720,2,2,0.0
284,43154,4,4,0.0
284,24964,2,2,0.0
284,14852,2,2,0.0
284,36322,2,2,0.0
284,45767,2,2,0.0
284,13176,4,4,0.0
285,31343,3,3,0.0
285,49247,3,3,0.0
285,49075,5,5,0.0
285,812,2,2,0.0
285,3599,1,1,0.0
285,16825,1,1,0.0
286,10102,3,3,0.0
286,5450,2,2,0.0
286,11182,2,2,0.0
286,24184,5,5,0.0
286,24852,1,1,0.0
286,41950,1,1,0.0
286,13966,2,2,0.0
286,22699,3,3,0.0
286,47144,2,2,0.0
286,23909,5,5,0.0
286,20166,1,1,0.0
286,43352,5,5,0.0
286,14161,3,3,0.0
286,49683,1,1,0.0
286,12032,3,3,0.0
286,32528,3,3,0.0
287,12206,1,1,0.0
287,29987,4,4,0.0
287,23909,5,5,0.0
287,21927,5,5,0.0
287,41220,1,1,0.0
287,28071,1,1,0.0
287,41290,3,3,0.0
288,24852,3,3,0.0
288,9387,2,2,0.0
288,47492,4,4,0.0
288,14870,2,2,0.0
288,31553,1,1,0.0
288,38281,4,4,0.0
288,17948,5,5,0.0
288,17794,5,5,0.0
288,49683,2,2,0.0
288,28985,1,1,0.0
288,10749,2,2,0.0
288,42585,3,3,0.0
288,34099,1,1,0.0
289,6111,1,1,0.0
289,1234,3,3,0.0
289,37646,1,1,0.0
289,42701,3,3,0.0
289,12341,4,4,0.0
289,2664,4,4,0.0
289,25821,2,2,0.0
289,39200,2,2,0.0
289,48775,2,2,0.0
289,27117,5,5,0.0
289,48946,1,1,0.0
289,920,3,3,0.0
289,18254,2,2,0.0
289,17025,2,2,0.0
289,34134,1,1,0.0
289,18079,4,4,0.0
289,10749,5,5,0.0
289,4001,5,5,0.0
289,9808,1,1,0.0
290,14722,2,2,0.0
290,46676,3,3,0.0
290,32331,2,2,0.0
290,43772,1,1,0.0
290,2172,5,5,0.0
290,8214,4,4,0.0
291,16150,1,1,0.0
291,19213,3,3,0.0
291,39732,3,3,0.0
291,24852,2,2,0.0
291,3090,2,2,0.0
291,7350,5,5,0.0
291,3957,1,1,0.0
291,27966,1,1,0.0
292,21137,2,2,0.0
292,28199,5,5,0.0
292,8174,2,2,0.0
292,13176,2,2,0.0
292,47209,3,3,0.0
292,24768,2,2,0.0
292,21872,4,4,0.0
292,6873,4,4,0.0
292,47734,1,1,0.0
292,17948,2,2,0.0
292,10305,5,5,0.0
292,36848,3,3,0.0
292,29388,2,2,0.0
292,48179,2,2,0.0
293,48109,5,5,0.0
293,16549,4,4,0.0
293,24499,3,3,0.0
293,23836,2,2,0.0
293,48857,2,2,0.0
293,42736,5,5,0.0
293,19660,1,1,0.0
293,44661,1,1,0.0
293,34605,3,3,0.0
293,16611,3,3,0.0
293,31662,2,2,0.0
293,2228,5,5,0.0
293,48179,1,1,0.0
293,258,2,2,0.0
293,16262,2,2,0.0
293,21108,4,4,0.0
293,36481,5,5,0.0
293,21092,4,4,0.0
294,19934,3,3,0.0
294,9779,5,5,0.0
294,47119,4,4,0.0
295,19437,5,5,0.0
295,9839,3,3,0.0
295,261,3,3,0.0
295,432,2,2,0.0
296,15261,4,4,0.0
296,8518,5,5,0.0
296,14578,1,1,0.0
296,6287,3,3,0.0
297,28079,5,5,0.0
297,40898,3,3,0.0
297,20255,1,1,0.0
297,17484,5,5,0.0
297,26317,2,2,0.0
297,30385,5,5,0.0
297,27845,3,3,0.0
297,27104,4,4,0.0
297,46979,2,2,0.0
297,4605,2,2,0.0
297,4853,3,3,0.0
297,47766,2,2,0.0
297,28993,5,5,0.0
297,45,4,4,0.0
297,28849,4,4,0.0
297,41658,5,5,0.0
298,49026,4,4,0.0
298,19794,5,5,0.0
298,15518,1,1,0.0
298,15984,3,3,0.0
298,24859,2,2,0.0
298,46822,4,4,0.0
299,43154,1,1,0.0
299,14161,5,5,0.0
299,26604,3,3,0.0
299,39275,1,1,0.0
299,16797,1,1,0.0
299,12341,5,5,0.0
299,10326,2,2,0.0
300,47766,3,3,0.0
300,21903,4,4,0.0
300,47780,4,4,0.0
300,31553,5,5,0.0
301,36406,3,3,0.0
301,25010,2,2,0.0
301,45603,2,2,0.0
301,2966,4,4,0.0
301,35942,1,1,0.0
301,24549,1,1,0.0
302,49235,5,5,0.0
302,28427,3,3,0.0
302,47144,2,2,0.0
302,20463,4,4,0.0
302,1940,2,2,0.0
302,1181,3,3,0.0
302,4377,4,4,0.0
302,6473,1,1,0.0
302,8953,3,3,0.0
302,30391,5,5,0.0
302,22034,3,3,0.0
302,4086,1,1,0.0
302,260,3,3,0.0
303,42224,2,2,0.0
303,6184,4,4,0.0
303,13176,4,4,0.0
304,13198,3,3,0.0
304,28934,1,1,0.0
304,49683,4,4,0.0
304,13646,3,3,0.0
304,10305,5,5,0.0
304,29941,3,3,0.0
305,36372,3,3,0.0
305,44632,5,5,0.0
305,21709,5,5,0.0
305,2717,4,4,0.0
305,22556,4,4,0.0
305,17191,5,5,0.0
305,31964,1,1,0.0
306,35561,4,4,0.0
306,46955,2,2,0.0
306,45007,4,4,0.0
306,19057,1,1,0.0
306,39560,1,1,0.0
306,12144,3,3,0.0
306,25715,1,1,0.0
306,45633,2,2,0.0
306,27966,3,3,0.0
306,5785,5,5,0.0
306,13176,3,3,0.0
306,162,4,4,0.0
306,45767,4,4,0.0
306,35851,1,1,0.0
306,48726,3,3,0.0
306,4663,5,5,0.0
306,47144,2,2,0.0
307,15541,2,2,0.0
307,26152,5,5,0.0
307,10246,4,4,0.0
307,196,5,5,0.0
307,19660,2,2,0.0
307,18067,2,2,0.0
308,17025,3,3,0.0
308,32134,1,1,0.0
308,20574,1,1,0.0
308,12614,3,3,0.0
308,24852,1,1,0.0
308,45066,4,4,0.0
308,9076,2,2,0.0
308,8518,2,2,0.0
308,41220,4,4,0.0
308,18027,2,2,0.0
308,19019,2,2,0.0
309,13255,4,4,0.0
310,44042,1,1,0.0
310,44799,5,5,0.0
310,23909,3,3,0.0
310,21938,1,1,0.0
310,16464,5,5,0.0
310,7326,4,4,0.0
310,20031,5,5,0.0
310,32433,4,4,0.0
310,48702,5,5,0.0
310,42215,1,1,0.0
310,17322,4,4,0.0
310,39735,3,3,0.0
310,35825,3,3,0.0
310,48927,3,3,0.0
311,30233,1,1,0.0
311,13176,5,5,0.0
311,23801,1,1,0.0
311,42265,3,3,0.0
311,38837,2,2,0.0
312,39898,2,2,0.0
312,54,4,4,0.0
312,35359,5,5,0.0
314,27086,1,1,0.0
314,19398,5,5,0.0
314,20299,2,2,0.0
315,32429,1,1,0.0
315,39408,5,5,0.0
315,21137,1,1,0.0
315,43352,2,2,0.0
315,39275,5,5,0.0
315,18721,4,4,0.0
315,41376,4,4,0.0
315,26604,2,2,0.0
315,47766,5,5,0.0
315,15462,5,5,0.0
315,17616,3,3,0.0
315,45840,4,4,0.0
315,45724,2,2,0.0
315,47626,1,1,0.0
315,6184,3,3,0.0
315,23029,3,3,0.0
315,7781,3,3,0.0
315,3631,3,3,0.0
315,38777,3,3,0.0
315,40469,1,1,0.0
315,6587,4,4,0.0
315,45692,2,2,0.0
315,22525,4,4,0.0
315,13740,2,2,0.0
315,42383,5,5,0.0
315,48666,2,2,0.0
315,34941,3,3,0.0
315,42342,4,4,0.0
315,42327,3,3,0.0
315,12639,2,2,0.0
315,21511,1,1,0.0
315,47740,5,5,0.0
315,21272,4,4,0.0
315,6074,2,2,0.0
315,45681,2,2,0.0
315,46175,2,2,0.0
315,36115,1,1,0.0
315,45161,4,4,0.0
316,5258,4,4,0.0
316,31805,3,3,0.0
316,196,1,1,0.0
316,12341,1,1,0.0
316,21573,5,5,0.0
316,36051,4,4,0.0
316,19828,5,5,0.0
317,42450,1,1,0.0
317,42768,1,1,0.0
317,45007,1,1,0.0
317,47626,2,2,0.0
317,46969,2,2,0.0
317,18078,1,1,0.0
317,33294,3,3,0.0
317,27104,1,1,0.0
317,43673,2,2,0.0
317,2380,4,4,0.0
317,32256,1,1,0.0
317,24184,1,1,0.0
317,29079,3,3,0.0
317,45578,1,1,0.0
317,47734,3,3,0.0
317,49588,3,3,0.0
317,25005,1,1,0.0
317,47993,2,2,0.0
317,12276,2,2,0.0
317,36639,3,3,0.0
317,30953,5,5,0.0
318,21616,1,1,0.0
318,27939,2,2,0.0
318,22963,2,2,0.0
318,24830,3,3,0.0
318,21661,3,3,0.0
319,5337,2,2,0.0
319,13176,4,4,0.0
319,30827,1,1,0.0
319,38768,2,2,0.0
319,17207,2,2,0.0
319,41787,5,5,0.0
319,9387,4,4,0.0
319,39408,1,1,0.0
319,2515,3,3,0.0
320,39947,4,4,0.0
320,39275,3,3,0.0
320,14218,4,4,0.0
320,39032,5,5,0.0
320,16797,3,3,0.0
320,40348,4,4,0.0
321,21497,2,2,0.0
321,31683,3,3,0.0
321,33674,4,4,0.0
321,44661,3,3,0.0
321,24852,5,5,0.0
321,12099,2,2,0.0
321,21137,4,4,0.0
321,7781,5,5,0.0
321,27845,3,3,0.0
321,16885,5,5,0.0
321,28993,5,5,0.0
321,9808,2,2,0.0
321,42265,2,2,0.0
321,45066,5,5,0.0
321,4799,3,3,0.0
321,30489,5,5,0.0
321,27113,5,5,0.0
321,20040,5,5,0.0
321,21376,3,3,0.0
321,21850,1,1,0.0
321,2081,4,4,0.0
321,9076,5,5,0.0
322,13819,2,2,0.0
322,432,2,2,0.0
322,19311,5,5,0.0
322,36646,4,4,0.0
322,28842,4,4,0.0
322,41259,4,4,0.0
322,4605,2,2,0.0
322,46526,2,2,0.0
322,37011,2,2,0.0
323,47209,2,2,0.0
323,4451,4,4,0.0
323,24852,1,1,0.0
323,17027,5,5,0.0
323,27548,4,4,0.0
323,39121,1,1,0.0
323,21267,1,1,0.0
323,30442,3,3,0.0
323,14872,2,2,0.0
323,22888,2,2,0.0
323,6873,5,5,0.0
323,8277,1,1,0.0
324,32538,2,2,0.0
324,16797,1,1,0.0
324,19660,2,2,0.0
325,8559,3,3,0.0
325,8781,2,2,0.0
325,8671,2,2,0.0
325,27178,2,2,0.0
325,23405,5,5,0.0
326,429,1,1,0.0
326,35042,4,4,0.0
326,21010,5,5,0.0
326,27985,3,3,0.0
326,23219,4,4,0.0
326,43565,3,3,0.0
326,21491,2,2,0.0
326,5603,1,1,0.0
326,15290,3,3,0.0
326,11422,4,4,0.0
326,23102,2,2,0.0
326,22312,5,5,0.0
326,43742,5,5,0.0
326,2225,5,5,0.0
326,30623,4,4,0.0
326,5913,5,5,0.0
326,39477,5,5,0.0
327,19660,5,5,0.0
327,11974,3,3,0.0
327,26410,4,4,0.0
327,41621,5,5,0.0
327,33120,4,4,0.0
327,23459,4,4,0.0
327,32373,3,3,0.0
327,44683,3,3,0.0
328,43394,3,3,0.0
328,21137,3,3,0.0
328,13740,4,4,0.0
328,9438,3,3,0.0
328,15011,4,4,0.0
328,27845,1,1,0.0
328,24157,1,1,0.0
328,2237,3,3,0.0
328,5818,1,1,0.0
328,41165,2,2,0.0
328,35004,3,3,0.0
329,24852,4,4,0.0
329,33793,5,5,0.0
329,4210,3,3,0.0
329,11821,3,3,0.0
329,5077,4,4,0.0
329,19125,1,1,0.0
329,47660,3,3,0.0
329,2050,1,1,0.0
329,27681,4,4,0.0
329,47766,1,1,0.0
329,12621,4,4,0.0
329,48746,1,1,0.0
329,36291,1,1,0.0
329,16897,5,5,0.0
329,49621,1,1,0.0
329,46473,4,4,0.0
329,40319,4,4,0.0
329,33184,3,3,0.0
329,16219,4,4,0.0
329,38100,4,4,0.0
329,14290,5,5,0.0
329,22774,1,1,0.0
329,42736,2,2,0.0
329,39054,5,5,0.0
329,2350,5,5,0.0
329,23734,1,1,0.0
329,46654,5,5,0.0
329,45104,4,4,0.0
330,24024,3,3,0.0
330,10586,2,2,0.0
330,40761,4,4,0.0
330,20574,1,1,0.0
330,46802,5,5,0.0
331,44632,1,1,0.0
331,38456,3,3,0.0
331,25146,2,2,0.0
331,30884,2,2,0.0
331,17570,4,4,0.0
331,18105,2,2,0.0
331,6846,4,4,0.0
331,19125,4,4,0.0
331,17535,4,4,0.0
331,46257,4,4,0.0
331,38941,3,3,0.0
331,29256,3,3,0.0
331,19129,5,5,0.0
331,33198,2,2,0.0
331,28985,4,4,0.0
331,42731,5,5,0.0
331,37892,5,5,0.0
331,7628,3,3,0.0
331,34969,4,4,0.0
331,45,5,5,0.0
331,7419,4,4,0.0
331,41771,1,1,0.0
331,35072,1,1,0.0
331,38562,3,3,0.0
331,13176,3,3,0.0
331,47626,4,4,0.0
331,31553,2,2,0.0
331,15945,5,5,0.0
332,24852,4,4,0.0
332,28156,1,1,0.0
332,2962,5,5,0.0
332,28842,2,2,0.0
332,41352,2,2,0.0
332,18761,1,1,0.0
333,30169,3,3,0.0
333,46676,5,5,0.0
333,24838,1,1,0.0
333,39581,1,1,0.0
333,2091,5,5,0.0
333,12817,2,2,0.0
333,6991,2,2,0.0
334,28,1,1,0.0
334,40574,5,5,0.0
334,32544,1,1,0.0
334,34027,1,1,0.0
334,39407,1,1,0.0
334,17505,2,2,0.0
334,2966,5,5,0.0
335,16462,1,1,0.0
335,30442,1,1,0.0
335,42736,1,1,0.0
335,8277,3,3,0.0
335,27966,5,5,0.0
335,16797,3,3,0.0
335,38456,5,5,0.0
335,45007,1,1,0.0
335,21295,3,3,0.0
335,47766,4,4,0.0
335,24184,2,2,0.0
335,5134,1,1,0.0
335,30489,3,3,0.0
335,25936,2,2,0.0
335,691,5,5,0.0
335,8467,5,5,0.0
335,21302,3,3,0.0
336,6187,1,1,0.0
336,25146,4,4,0.0
336,8022,2,2,0.0
336,42342,1,1,0.0
336,9407,3,3,0.0
336,28204,3,3,0.0
336,19559,5,5,0.0
336,45681,3,3,0.0
336,31433,3,3,0.0
336,16083,3,3,0.0
336,24852,4,4,0.0
336,24964,1,1,0.0
336,17794,4,4,0.0
336,18656,4,4,0.0
336,18200,3,3,0.0
337,9839,2,2,0.0
337,27086,2,2,0.0
337,16773,3,3,0.0
337,21903,3,3,0.0
337,45437,2,2,0.0
337,47144,4,4,0.0
337,39409,3,3,0.0
337,8277,5,5,0.0
337,20345,3,3,0.0
337,43802,1,1,0.0
337,43192,1,1,0.0
337,46049,4,4,0.0
337,47668,3,3,0.0
337,4656,5,5,0.0
337,48171,5,5,0.0
337,37158,4,4,0.0
337,10166,5,5,0.0
337,26346,2,2,0.0
337,42736,3,3,0.0
337,43713,5,5,0.0
337,24852,4,4,0.0
337,48450,3,3,0.0
338,24852,4,4,0.0
338,43352,4,4,0.0
338,35221,3,3,0.0
338,11689,5,5,0.0
338,25197,2,2,0.0
338,15955,5,5,0.0
338,31268,3,3,0.0
338,3856,4,4,0.0
338,47626,3,3,0.0
338,26209,3,3,0.0
338,19348,3,3,0.0
338,33548,3,3,0.0
338,22298,2,2,0.0
338,37671,4,4,0.0
338,40742,5,5,0.0
338,12341,1,1,0.0
338,45066,4,4,0.0
338,33129,5,5,0.0
338,13823,3,3,0.0
338,38905,4,4,0.0
338,16797,3,3,0.0
338,1437,1,1,0.0
338,17341,3,3,0.0
338,17149,2,2,0.0
338,1737,3,3,0.0
338,15130,3,3,0.0
339,27639,4,4,0.0
339,30353,4,4,0.0
339,13176,1,1,0.0
339,11520,3,3,0.0
339,5456,5,5,0.0
339,45007,1,1,0.0
339,19678,1,1,0.0
340,26604,4,4,0.0
340,4945,4,4,0.0
340,2295,4,4,0.0
340,31504,3,3,0.0
340,14643,5,5,0.0
340,8277,1,1,0.0
340,13198,1,1,0.0
340,27845,4,4,0.0
340,8424,1,1,0.0
340,30994,2,2,0.0
340,4920,4,4,0.0
340,3874,4,4,0.0
340,25824,5,5,0.0
340,37119,3,3,0.0
340,33593,2,2,0.0
340,45681,2,2,0.0
340,1215,2,2,0.0
340,37029,2,2,0.0
340,49683,4,4,0.0
341,26165,3,3,0.0
342,36406,3,3,0.0
342,46906,5,5,0.0
342,12075,2,2,0.0
342,38809,2,2,0.0
342,19635,1,1,0.0
342,7139,3,3,0.0
342,37665,1,1,0.0
342,1450,3,3,0.0
342,39877,1,1,0.0
342,30169,4,4,0.0
342,33754,4,4,0.0
343,24852,3,3,0.0
343,16507,1,1,0.0
343,22825,4,4,0.0
343,17219,5,5,0.0
343,27845,1,1,0.0
343,3081,1,1,0.0
343,43428,1,1,0.0
344,7693,4,4,0.0
344,49520,3,3,0.0
344,35221,1,1,0.0
344,24152,3,3,0.0
344,42137,1,1,0.0
344,29689,4,4,0.0
344,47815,5,5,0.0
344,31992,1,1,0.0
345,1498,4,4,0.0
345,44843,2,2,0.0
345,49363,5,5,0.0
345,3996,5,5,0.0
345,1200,5,5,0.0
345,17505,1,1,0.0
345,8732,1,1,0.0
345,13287,1,1,0.0
345,14168,1,1,0.0
345,14705,3,3,0.0
345,17600,1,1,0.0
346,18523,5,5,0.0
346,47209,1,1,0.0
346,33787,5,5,0.0
346,33754,2,2,0.0
346,45104,3,3,0.0
346,34358,4,4,0.0
347,30776,1,1,0.0
347,48559,3,3,0.0
347,49026,3,3,0.0
347,27966,1,1,0.0
347,21903,5,5,0.0
347,44359,4,4,0.0
347,18689,1,1,0.0
347,47209,1,1,0.0
347,32864,1,1,0.0
347,24889,4,4,0.0
347,43086,3,3,0.0
347,17304,1,1,0.0
347,17948,4,4,0.0
347,1158,1,1,0.0
348,19348,3,3,0.0
348,8153,1,1,0.0
348,21573,3,3,0.0
348,9387,2,2,0.0
350,13176,5,5,0.0
350,5785,5,5,0.0
350,23288,4,4,0.0
350,44632,1,1,0.0
350,20119,1,1,0.0
350,2825,2,2,0.0
350,28156,2,2,0.0
350,22963,3,3,0.0
350,47209,1,1,0.0
350,5212,3,3,0.0
350,39877,5,5,0.0
350,22825,2,2,0.0
350,43122,3,3,0.0
350,23029,3,3,0.0
350,19987,1,1,0.0
350,37646,5,5,0.0
350,30529,4,4,0.0
350,8912,2,2,0.0
350,16384,1,1,0.0
350,39035,1,1,0.0
350,32647,2,2,0.0
351,33731,4,4,0.0
351,4799,2,2,0.0
351,35749,4,4,0.0
351,20791,1,1,0.0
351,41621,3,3,0.0
351,24841,4,4,0.0
351,10199,2,2,0.0
351,40215,3,3,0.0
351,22548,1,1,0.0
352,31915,1,1,0.0
352,47209,5,5,0.0
352,10749,4,4,0.0
352,13176,5,5,0.0
352,36606,2,2,0.0
352,13497,3,3,0.0
352,25533,2,2,0.0
352,35898,5,5,0.0
352,26452,5,5,0.0
352,4605,5,5,0.0
354,43352,3,3,0.0
354,47626,1,1,0.0
354,8174,5,5,0.0
354,23341,1,1,0.0
354,16219,4,4,0.0
354,17914,4,4,0.0
354,196,3,3,0.0
354,13966,5,5,0.0
354,31683,4,4,0.0
355,33548,2,2,0.0
355,44156,1,1,0.0
355,24852,4,4,0.0
355,21925,4,4,0.0
355,28204,3,3,0.0
355,7736,2,2,0.0
355,23296,2,2,0.0
355,23106,2,2,0.0
355,33791,5,5,0.0
355,20561,3,3,0.0
355,12524,5,5,0.0
355,40332,2,2,0.0
355,287,4,4,0.0
355,10995,4,4,0.0
355,13733,5,5,0.0
355,34619,5,5,0.0
355,16826,4,4,0.0
356,790,1,1,0.0
356,22556,3,3,0.0
356,13176,5,5,0.0
357,9852,3,3,0.0
357,26497,2,2,0.0
357,41176,2,2,0.0
357,44142,5,5,0.0
357,17389,3,3,0.0
358,907,3,3,0.0
358,769,1,1,0.0
358,48762,4,4,0.0
358,38775,4,4,0.0
358,45004,5,5,0.0
359,18770,5,5,0.0
359,39180,3,3,0.0
359,27086,5,5,0.0
359,39947,1,1,0.0
359,33731,3,3,0.0
359,44632,2,2,0.0
359,11941,4,4,0.0
359,22935,4,4,0.0
359,21709,1,1,0.0
359,28278,5,5,0.0
359,21267,5,5,0.0
359,26209,3,3,0.0
359,8087,3,3,0.0
359,22825,4,4,0.0
359,21903,2,2,0.0
359,39877,4,4,0.0
359,6873,5,5,0.0
359,3339,3,3,0.0
359,46979,2,2,0.0
359,18908,3,3,0.0
359,33401,1,1,0.0
359,3849,1,1,0.0
359,29898,1,1,0.0
359,27156,4,4,0.0
359,25659,2,2,0.0
359,37158,5,5,0.0
359,9515,4,4,0.0
360,742,2,2,0.0
360,29694,3,3,0.0
360,38051,4,4,0.0
360,16823,1,1,0.0
360,44580,1,1,0.0
360,42585,3,3,0.0
360,22234,3,3,0.0
360,35417,2,2,0.0
360,30489,1,1,0.0
360,43961,4,4,0.0
361,32433,5,5,0.0
361,28934,3,3,0.0
361,34358,4,4,0.0
361,46667,2,2,0.0
361,31717,5,5,0.0
361,20114,1,1,0.0
361,16759,2,2,0.0
361,391,3,3,0.0
361,36389,3,3,0.0
361,33746,3,3,0.0
361,41259,4,4,0.0
361,33294,3,3,0.0
361,18027,4,4,0.0
361,24852,3,3,0.0
361,8479,2,2,0.0
361,2846,3,3,0.0
361,17600,2,2,0.0
361,9076,5,5,0.0
361,10025,1,1,0.0
361,22307,3,3,0.0
361,39561,2,2,0.0
361,34448,4,4,0.0
361,48190,3,3,0.0
361,21137,5,5,0.0
362,10339,3,3,0.0
362,49519,5,5,0.0
362,48453,1,1,0.0
362,22832,1,1,0.0
362,48210,1,1,0.0
362,4455,3,3,0.0
362,1450,5,5,0.0
363,39877,1,1,0.0
363,13176,4,4,0.0
363,35140,2,2,0.0
363,36036,3,3,0.0
363,27999,1,1,0.0
363,30427,1,1,0.0
363,5876,1,1,0.0
364,13984,4,4,0.0
364,45007,3,3,0.0
364,39877,2,2,0.0
364,21903,1,1,0.0
364,5785,5,5,0.0
365,25466,3,3,0.0
365,14240,4,4,0.0
365,42265,3,3,0.0
366,3849,4,4,0.0
366,47209,3,3,0.0
366,21137,1,1,0.0
366,35951,3,3,0.0
366,9550,1,1,0.0
366,39905,4,4,0.0
366,38777,2,2,0.0
366,30391,4,4,0.0
366,41858,3,3,0.0
367,27845,2,2,0.0
367,24852,3,3,0.0
367,26384,1,1,0.0
367,26209,3,3,0.0
367,16908,5,5,0.0
367,47766,5,5,0.0
367,22170,4,4,0.0
367,28682,1,1,0.0
367,45066,3,3,0.0
367,24841,2,2,0.0
367,1935,1,1,0.0
367,21326,2,2,0.0
367,48628,1,1,0.0
367,46667,3,3,0.0
367,49481,1,1,0.0
367,46107,3,3,0.0
367,16797,5,5,0.0
367,23074,5,5,0.0
367,24231,5,5,0.0
368,31553,3,3,0.0
368,33772,4,4,0.0
368,23687,5,5,0.0
369,36051,2,2,0.0
369,19887,1,1,0.0
369,17122,5,5,0.0
369,37687,3,3,0.0
370,9690,3,3,0.0
370,41658,1,1,0.0
370,22935,5,5,0.0
370,27845,4,4,0.0
370,47553,2,2,0.0
370,49533,3,3,0.0
370,7021,2,2,0.0
370,41909,1,1,0.0
371,24852,5,5,0.0
371,27086,4,4,0.0
371,46820,4,4,0.0
371,21709,5,5,0.0
371,3952,4,4,0.0
371,21903,1,1,0.0
371,46620,3,3,0.0
371,46979,1,1,0.0
371,23094,2,2,0.0
371,2295,3,3,0.0
371,44765,3,3,0.0
371,18232,4,4,0.0
371,13877,4,4,0.0
372,18656,4,4,0.0
372,25824,1,1,0.0
372,45,3,3,0.0
372,8177,4,4,0.0
372,30305,5,5,0.0
372,39922,2,2,0.0
372,6015,4,4,0.0
373,47337,3,3,0.0
373,5097,2,2,0.0
373,41722,3,3,0.0
373,12218,4,4,0.0
373,35042,1,1,0.0
373,31022,4,4,0.0
373,40348,4,4,0.0
373,19461,4,4,0.0
374,38159,4,4,0.0
374,26606,5,5,0.0
374,5785,1,1,0.0
374,39527,4,4,0.0
374,43154,1,1,0.0
375,7559,3,3,0.0
375,2581,3,3,0.0
375,43122,2,2,0.0
375,1846,4,4,0.0
375,23516,4,4,0.0
375,38274,4,4,0.0
375,37642,5,5,0.0
375,8518,5,5,0.0
376,2716,1,1,0.0
376,47029,4,4,0.0
376,45210,4,4,0.0
376,35851,1,1,0.0
376,8277,2,2,0.0
376,16462,2,2,0.0
376,890,1,1,0.0
377,19678,5,5,0.0
377,21405,1,1,0.0
377,38383,3,3,0.0
377,38153,4,4,0.0
377,28928,3,3,0.0
377,18288,1,1,0.0
377,26032,2,2,0.0
377,29228,1,1,0.0
377,13805,2,2,0.0
377,33000,3,3,0.0
377,14129,5,5,0.0
378,13249,1,1,0.0
378,43693,3,3,0.0
379,12606,1,1,0.0
379,5450,1,1,0.0
379,46823,5,5,0.0
379,310,3,3,0.0
379,14678,5,5,0.0
379,26128,3,3,0.0
379,13176,2,2,0.0
379,44643,1,1,0.0
380,21137,1,1,0.0
380,21903,4,4,0.0
380,34358,5,5,0.0
380,42768,1,1,0.0
380,24852,3,3,0.0
380,39993,2,2,0.0
380,46906,1,1,0.0
380,27730,3,3,0.0
380,44479,1,1,0.0
380,46654,5,5,0.0
380,19508,3,3,0.0
380,3376,3,3,0.0
380,25890,3,3,0.0
380,35784,1,1,0.0
381,46123,4,4,0.0
381,33731,5,5,0.0
381,38689,2,2,0.0
381,6519,3,3,0.0
381,2966,4,4,0.0
381,21560,2,2,0.0
381,5479,5,5,0.0
381,27864,5,5,0.0
381,43961,1,1,0.0
381,2086,3,3,0.0
381,44449,1,1,0.0
381,30953,5,5,0.0
381,5383,1,1,0.0
381,32299,3,3,0.0
381,47209,3,3,0.0
381,41658,2,2,0.0
381,19019,3,3,0.0
381,5959,2,2,0.0
381,24382,2,2,0.0
381,35108,4,4,0.0
381,18564,1,1,0.0
381,40001,2,2,0.0
382,33198,5,5,0.0
382,31801,5,5,0.0
382,9038,1,1,0.0
382,21137,1,1,0.0
382,19660,4,4,0.0
382,7963,2,2,0.0
382,47717,1,1,0.0
382,45066,2,2,0.0
382,25256,2,2,0.0
382,9322,2,2,0.0
382,35628,4,4,0.0
382,22227,4,4,0.0
382,23630,2,2,0.0
382,27959,3,3,0.0
382,10212,3,3,0.0
382,21405,5,5,0.0
383,3678,5,5,0.0
384,30233,5,5,0.0
384,17619,4,4,0.0
384,26313,4,4,0.0
384,26209,5,5,0.0
384,33106,5,5,0.0
384,28842,1,1,0.0
384,13176,4,4,0.0
384,13866,4,4,0.0
385,28050,1,1,0.0
385,39619,1,1,0.0
385,18531,5,5,0.0
385,48679,4,4,0.0
385,8021,3,3,0.0
385,2086,1,1,0.0
387,12916,2,2,0.0
387,2457,5,5,0.0
387,13032,5,5,0.0
387,40688,3,3,0.0
387,39275,5,5,0.0
387,16797,1,1,0.0
387,32538,4,4,0.0
387,35561,1,1,0.0
387,19380,2,2,0.0
387,32403,2,2,0.0
387,19887,4,4,0.0
388,21841,4,4,0.0
388,30776,4,4,0.0
388,3957,3,3,0.0
388,8424,5,5,0.0
388,650,5,5,0.0
388,28360,1,1,0.0
388,15937,1,1,0.0
388,24964,3,3,0.0
388,34243,3,3,0.0
388,46667,3,3,0.0
388,20114,1,1,0.0
388,31717,5,5,0.0
388,4605,2,2,0.0
388,26209,5,5,0.0
388,8736,2,2,0.0
388,45603,4,4,0.0
388,44283,2,2,0.0
388,29871,3,3,0.0
388,10482,2,2,0.0
388,44257,4,4,0.0
388,32981,4,4,0.0
388,43961,1,1,0.0
388,17872,5,5,0.0
388,6740,2,2,0.0
388,45007,5,5,0.0
389,11781,5,5,0.0
389,16856,1,1,0.0
390,19660,2,2,0.0
390,34197,3,3,0.0
390,35503,2,2,0.0
390,3957,2,2,0.0
390,24447,4,4,0.0
390,39108,5,5,0.0
390,33198,4,4,0.0
390,1639,3,3,0.0
390,12039,5,5,0.0
390,3631,5,5,0.0
390,35628,3,3,0.0
390,8575,4,4,0.0
390,47042,2,2,0.0
390,29662,5,5,0.0
390,27925,2,2,0.0
390,44479,3,3,0.0
390,31717,4,4,0.0
390,7185,5,5,0.0
390,40996,3,3,0.0
390,14881,1,1,0.0
390,24964,5,5,0.0
390,8006,3,3,0.0
390,40706,4,4,0.0
390,26940,4,4,0.0
390,41065,5,5,0.0
390,29594,3,3,0.0
390,25005,5,5,0.0
390,33120,1,1,0.0
390,24830,5,5,0.0
390,2825,4,4,0.0
390,38274,4,4,0.0
390,22504,5,5,0.0
390,23516,3,3,0.0
390,5449,5,5,0.0
391,40910,1,1,0.0
391,9175,3,3,0.0
391,31299,1,1,0.0
391,8668,4,4,0.0
391,22233,5,5,0.0
391,36227,2,2,0.0
391,40285,4,4,0.0
391,44632,1,1,0.0
392,13944,3,3,0.0
392,28931,1,1,0.0
392,19309,5,5,0.0
392,17084,1,1,0.0
392,22915,4,4,0.0
392,16020,3,3,0.0
394,2855,1,1,0.0
394,26088,3,3,0.0
394,20955,5,5,0.0
394,42282,5,5,0.0
395,24852,2,2,0.0
395,35321,1,1,0.0
395,15319,3,3,0.0
395,3896,1,1,0.0
395,46616,2,2,0.0
395,30489,4,4,0.0
395,20114,4,4,0.0
395,24184,1,1,0.0
395,25513,5,5,0.0
395,20549,2,2,0.0
395,21616,3,3,0.0
395,40604,4,4,0.0
395,32284,3,3,0.0
396,26165,2,2,0.0
396,28990,2,2,0.0
396,8460,3,3,0.0
396,28511,2,2,0.0
396,8193,4,4,0.0
396,29487,3,3,0.0
396,44042,1,1,0.0
397,35547,3,3,0.0
397,47626,2,2,0.0
397,26209,2,2,0.0
398,39108,3,3,0.0
398,7781,1,1,0.0
398,18465,1,1,0.0
398,28985,2,2,0.0
398,30305,5,5,0.0
398,45007,3,3,0.0
398,16249,1,1,0.0
398,19906,3,3,0.0
398,7058,5,5,0.0
398,44683,1,1,0.0
398,38996,5,5,0.0
398,44234,1,1,0.0
398,24852,4,4,0.0
398,30620,5,5,0.0
398,41950,2,2,0.0
398,890,5,5,0.0
398,18880,1,1,0.0
398,7364,5,5,0.0
398,36070,2,2,0.0
398,25919,5,5,0.0
398,44142,4,4,0.0
398,3913,2,2,0.0
398,9076,4,4,0.0
398,43086,1,1,0.0
399,26369,4,4,0.0
400,37912,1,1,0.0
400,37766,3,3,0.0
400,5161,1,1,0.0
400,5785,4,4,0.0
400,43122,1,1,0.0
400,25340,3,3,0.0
400,41315,5,5,0.0
400,45066,5,5,0.0
400,28790,4,4,0.0
400,13176,4,4,0.0
400,37011,1,1,0.0
400,22935,5,5,0.0
400,17794,4,4,0.0
400,44359,1,1,0.0
400,7021,2,2,0.0
400,41544,1,1,0.0
400,39812,5,5,0.0
400,35333,3,3,0.0
400,34126,2,2,0.0
400,37508,3,3,0.0
400,43713,4,4,0.0
400,40377,2,2,0.0
400,18465,2,2,0.0
401,12863,3,3,0.0
401,13263,4,4,0.0
401,39009,1,1,0.0
402,14870,5,5,0.0
402,17594,3,3,0.0
402,25013,4,4,0.0
403,20119,1,1,0.0
403,26620,4,4,0.0
403,24852,4,4,0.0
403,22124,4,4,0.0
403,22035,2,2,0.0
403,432,2,2,0.0
403,6348,4,4,0.0
403,39475,3,3,0.0
403,25718,3,3,0.0
403,21709,2,2,0.0
403,35168,4,4,0.0
403,7969,3,3,0.0
403,47209,4,4,0.0
403,24964,4,4,0.0
403,41665,1,1,0.0
403,34401,2,2,0.0
403,42701,4,4,0.0
403,45007,1,1,0.0
403,33401,5,5,0.0
403,43789,3,3,0.0
403,32433,3,3,0.0
403,21903,1,1,0.0
403,41787,5,5,0.0
404,16797,2,2,0.0
404,39408,4,4,0.0
404,25802,3,3,0.0
404,21292,5,5,0.0
404,12341,3,3,0.0
404,43352,3,3,0.0
405,37687,1,1,0.0
405,25670,5,5,0.0
405,27307,1,1,0.0
405,13176,4,4,0.0
405,21709,3,3,0.0
405,459,4,4,0.0
405,23383,5,5,0.0
405,47792,4,4,0.0
405,47209,3,3,0.0
405,38647,1,1,0.0
405,11980,1,1,0.0
406,27596,4,4,0.0
406,37464,4,4,0.0
406,27344,3,3,0.0
406,21267,3,3,0.0
406,21841,1,1,0.0
406,6615,2,2,0.0
406,18441,1,1,0.0
406,5337,5,5,0.0
406,43713,5,5,0.0
406,13176,1,1,0.0
406,16349,5,5,0.0
406,46346,3,3,0.0
406,45957,2,2,0.0
406,25588,4,4,0.0
406,32850,2,2,0.0
406,4421,2,2,0.0
406,1376,3,3,0.0
406,23516,1,1,0.0
406,39619,1,1,0.0
406,11644,1,1,0.0
406,30336,3,3,0.0
406,24009,4,4,0.0
407,47672,4,4,0.0
407,30233,2,2,0.0
407,11777,5,5,0.0
407,27511,4,4,0.0
407,44142,1,1,0.0
407,11512,5,5,0.0
408,42004,3,3,0.0
408,24852,1,1,0.0
408,3529,3,3,0.0
408,33827,3,3,0.0
408,14421,5,5,0.0
408,39647,1,1,0.0
408,25918,3,3,0.0
408,5025,4,4,0.0
408,215,2,2,0.0
408,20370,3,3,0.0
408,42964,5,5,0.0
408,39097,5,5,0.0
408,20815,5,5,0.0
408,43568,1,1,0.0
408,19389,2,2,0.0
409,24852,3,3,0.0
409,18523,2,2,0.0
409,22124,5,5,0.0
409,26604,3,3,0.0
409,29487,1,1,0.0
409,9076,5,5,0.0
409,20754,3,3,0.0
409,49520,4,4,0.0
409,32747,3,3,0.0
410,49175,5,5,0.0
410,6292,3,3,0.0
410,40054,2,2,0.0
410,14764,5,5,0.0
410,6210,1,1,0.0
410,7010,3,3,0.0
410,25659,3,3,0.0
410,48104,4,4,0.0
410,34126,4,4,0.0
410,17794,1,1,0.0
410,46667,4,4,0.0
410,35595,5,5,0.0
410,18918,3,3,0.0
410,21195,4,4,0.0
411,20995,2,2,0.0
411,19677,3,3,0.0
411,21108,5,5,0.0
411,20899,5,5,0.0
411,34243,3,3,0.0
411,16823,4,4,0.0
412,1729,4,4,0.0
413,581,2,2,0.0
413,24852,3,3,0.0
413,25890,5,5,0.0
413,26620,1,1,0.0
413,41220,2,2,0.0
413,35221,1,1,0.0
413,26209,5,5,0.0
413,35939,5,5,0.0
413,28842,3,3,0.0
413,24184,2,2,0.0
413,46979,2,2,0.0
413,21903,4,4,0.0
413,43295,5,5,0.0
413,42342,1,1,0.0
413,32398,5,5,0.0
413,1483,3,3,0.0
415,16939,1,1,0.0
415,45064,4,4,0.0
415,11154,1,1,0.0
415,9605,1,1,0.0
415,6187,1,1,0.0
415,27801,1,1,0.0
415,22620,4,4,0.0
415,40002,3,3,0.0
415,18987,4,4,0.0
415,28473,5,5,0.0
415,15359,5,5,0.0
415,27243,5,5,0.0
415,42620,2,2,0.0
415,2525,5,5,0.0
415,15417,5,5,0.0
415,3518,1,1,0.0
415,40424,3,3,0.0
415,29196,3,3,0.0
415,16185,3,3,0.0
416,30639,3,3,0.0
416,27817,3,3,0.0
417,30450,3,3,0.0
417,4149,2,2,0.0
417,17207,1,1,0.0
417,22610,3,3,0.0
417,6793,4,4,0.0
419,31964,3,3,0.0
419,34276,4,4,0.0
419,1891,5,5,0.0
419,31510,3,3,0.0
419,36737,2,2,0.0
419,6606,4,4,0.0
420,34824,2,2,0.0
420,24964,5,5,0.0
420,35939,2,2,0.0
420,7456,3,3,0.0
420,41920,4,4,0.0
420,47209,1,1,0.0
420,26769,4,4,0.0
420,9327,1,1,0.0
420,6020,5,5,0.0
421,2855,5,5,0.0
421,28204,3,3,0.0
421,17666,2,2,0.0
421,27344,3,3,0.0
421,27690,4,4,0.0
421,40229,3,3,0.0
421,46584,5,5,0.0
422,13221,2,2,0.0
422,19678,5,5,0.0
422,31995,5,5,0.0
422,25718,3,3,0.0
422,6948,3,3,0.0
422,20280,3,3,0.0
422,48720,3,3,0.0
422,24964,4,4,0.0
422,26800,3,3,0.0
422,31506,1,1,0.0
422,20015,5,5,0.0
422,35815,1,1,0.0
423,24852,3,3,0.0
423,6278,2,2,0.0
423,14159,3,3,0.0
423,42538,2,2,0.0
423,29615,5,5,0.0
423,44042,2,2,0.0
423,12782,4,4,0.0
423,7241,3,3,0.0
423,24504,2,2,0.0
423,6052,2,2,0.0
423,25830,2,2,0.0
423,42736,2,2,0.0
423,5884,1,1,0.0
423,25804,5,5,0.0
423,47185,4,4,0.0
423,12807,5,5,0.0
423,26767,1,1,0.0
423,39910,1,1,0.0
424,31651,1,1,0.0
424,27839,4,4,0.0
425,33290,1,1,0.0
425,26499,2,2,0.0
425,18465,2,2,0.0
425,11068,1,1,0.0
425,16185,5,5,0.0
425,21681,3,3,0.0
425,16797,3,3,0.0
425,45066,4,4,0.0
425,22825,3,3,0.0
425,47209,4,4,0.0
425,16466,3,3,0.0
425,40982,3,3,0.0
425,46352,4,4,0.0
425,38533,5,5,0.0
425,34427,2,2,0.0
425,49235,4,4,0.0
426,47209,4,4,0.0
426,26209,2,2,0.0
426,8518,2,2,0.0
426,35939,1,1,0.0
426,34969,2,2,0.0
426,34358,3,3,0.0
426,31717,4,4,0.0
426,47719,5,5,0.0
426,5514,1,1,0.0
426,27966,1,1,0.0
426,37646,3,3,0.0
426,22113,5,5,0.0
426,44632,1,1,0.0
426,432,4,4,0.0
426,16797,4,4,0.0
426,31683,3,3,0.0
426,39275,4,4,0.0
426,20995,4,4,0.0
427,5102,2,2,0.0
427,35383,5,5,0.0
427,43461,2,2,0.0
427,41277,2,2,0.0
427,3039,5,5,0.0
427,13194,4,4,0.0
427,29698,1,1,0.0
427,5199,5,5,0.0
427,29881,1,1,0.0
427,4210,5,5,0.0
428,46822,3,3,0.0
429,37993,3,3,0.0
429,47083,5,5,0.0
429,18201,4,4,0.0
429,204,4,4,0.0
429,45664,1,1,0.0
429,23782,3,3,0.0
429,36545,4,4,0.0
429,19366,4,4,0.0
429,22031,5,5,0.0
429,48885,2,2,0.0
429,5251,1,1,0.0
429,19445,1,1,0.0
429,8136,2,2,0.0
430,13176,2,2,0.0
430,28204,4,4,0.0
430,8277,5,5,0.0
430,48110,4,4,0.0
430,47209,5,5,0.0
431,27690,5,5,0.0
431,13176,4,4,0.0
431,28054,1,1,0.0
431,5077,1,1,0.0
431,27464,2,2,0.0
431,10749,3,3,0.0
431,49235,5,5,0.0
431,22582,3,3,0.0
431,15950,3,3,0.0
431,43768,3,3,0.0
431,21137,1,1,0.0
431,28204,5,5,0.0
431,43122,2,2,0.0
431,21938,2,2,0.0
431,21903,2,2,0.0
431,27156,4,4,0.0
431,4487,3,3,0.0
431,12597,5,5,0.0
431,5994,4,4,0.0
431,46979,3,3,0.0
431,31927,4,4,0.0
431,13829,2,2,0.0
431,14553,4,4,0.0
431,47759,3,3,0.0
431,49267,3,3,0.0
431,8193,3,3,0.0
431,47626,4,4,0.0
431,25005,5,5,0.0
431,22935,2,2,0.0
431,44359,3,3,0.0
431,22849,1,1,0.0
431,11992,2,2,0.0
431,37029,5,5,0.0
431,46993,1,1,0.0
431,22720,2,2,0.0
431,13280,5,5,0.0
432,35951,3,3,0.0
432,47626,2,2,0.0
432,17795,5,5,0.0
432,36695,5,5,0.0
432,27104,3,3,0.0
432,22935,1,1,0.0
432,34243,2,2,0.0
432,25272,4,4,0.0
432,35163,2,2,0.0
432,42768,1,1,0.0
432,25931,1,1,0.0
432,30975,2,2,0.0
432,12113,5,5,0.0
432,5025,1,1,0.0
432,14704,2,2,0.0
433,41290,1,1,0.0
433,27845,3,3,0.0
433,44560,4,4,0.0
433,13838,1,1,0.0
433,24411,4,4,0.0
433,29662,5,5,0.0
433,19057,4,4,0.0
433,13802,3,3,0.0
433,6873,3,3,0.0
433,43768,1,1,0.0
433,36695,4,4,0.0
434,4781,1,1,0.0
434,18656,4,4,0.0
434,29675,4,4,0.0
434,13780,2,2,0.0
434,5769,2,2,0.0
434,22935,1,1,0.0
434,9036,2,2,0.0
434,45066,3,3,0.0
434,30290,1,1,0.0
434,16145,1,1,0.0
434,20316,4,4,0.0
434,7485,2,2,0.0
434,17200,3,3,0.0
434,12409,3,3,0.0
434,20957,3,3,0.0
434,39971,4,4,0.0
434,43086,2,2,0.0
434,42265,2,2,0.0
435,23288,2,2,0.0
435,14399,3,3,0.0
435,8193,5,5,0.0
435,24846,5,5,0.0
435,3631,1,1,0.0
435,4781,4,4,0.0
435,9028,3,3,0.0
435,46616,4,4,0.0
435,36070,3,3,0.0
435,46372,2,2,0.0
435,8424,1,1,0.0
435,13176,1,1,0.0
435,29307,1,1,0.0
436,8021,1,1,0.0
436,19990,1,1,0.0
436,32689,5,5,0.0
436,33731,1,1,0.0
436,23115,2,2,0.0
436,32869,4,4,0.0
438,47402,3,3,0.0
439,5782,2,2,0.0
439,32211,4,4,0.0
439,45064,1,1,0.0
439,2525,3,3,0.0
439,12606,5,5,0.0
439,42147,4,4,0.0
439,6128,3,3,0.0
439,45938,3,3,0.0
439,940,1,1,0.0
439,42184,4,4,0.0
439,41523,2,2,0.0
439,26209,5,5,0.0
439,22282,4,4,0.0
439,44224,2,2,0.0
440,23909,3,3,0.0
440,1376,4,4,0.0
440,46331,3,3,0.0
440,21137,3,3,0.0
440,27548,3,3,0.0
440,21949,2,2,0.0
440,38374,5,5,0.0
440,45541,5,5,0.0
440,3667,3,3,0.0
440,4486,2,2,0.0
440,20039,5,5,0.0
440,40329,5,5,0.0
440,27307,2,2,0.0
440,21616,4,4,0.0
440,45200,5,5,0.0
440,9472,1,1,0.0
441,48665,1,1,0.0
441,35378,3,3,0.0
441,9387,1,1,0.0
441,17794,1,1,0.0
441,9824,3,3,0.0
441,1281,2,2,0.0
441,43329,3,3,0.0
441,8747,2,2,0.0
441,49203,3,3,0.0
441,45656,4,4,0.0
441,32030,5,5,0.0
441,13544,2,2,0.0
442,17872,5,5,0.0
442,39732,4,4,0.0
442,40031,4,4,0.0
442,47766,4,4,0.0
442,27845,2,2,0.0
442,44765,2,2,0.0
442,4421,1,1,0.0
442,35951,2,2,0.0
442,9385,1,1,0.0
443,8056,4,4,0.0
443,11520,5,5,0.0
443,2480,3,3,0.0
443,22825,3,3,0.0
443,36913,4,4,0.0
443,41340,3,3,0.0
443,2269,2,2,0.0
443,16501,3,3,0.0
443,33946,4,4,0.0
443,39013,2,2,0.0
444,22952,3,3,0.0
444,10504,5,5,0.0
444,35042,2,2,0.0
444,38230,5,5,0.0
444,46720,4,4,0.0
444,12382,5,5,0.0
444,26318,3,3,0.0
444,2918,4,4,0.0
444,15333,2,2,0.0
444,32655,2,2,0.0
445,7862,4,4,0.0
445,13097,3,3,0.0
446,28442,1,1,0.0
446,19624,5,5,0.0
446,48519,2,2,0.0
446,26209,3,3,0.0
446,49605,3,3,0.0
446,3947,1,1,0.0
447,21162,1,1,0.0
447,18176,3,3,0.0
447,22935,2,2,0.0
447,25659,3,3,0.0
447,18434,5,5,0.0
447,24964,2,2,0.0
447,4855,3,3,0.0
447,39877,2,2,0.0
447,19678,3,3,0.0
447,11112,5,5,0.0
448,29987,2,2,0.0
448,32812,1,1,0.0
448,21019,1,1,0.0
448,24852,2,2,0.0
449,21195,5,5,0.0
449,10258,3,3,0.0
449,7751,3,3,0.0
449,17862,5,5,0.0
449,17902,4,4,0.0
449,43371,2,2,0.0
449,43692,2,2,0.0
449,42475,5,5,0.0
449,11759,5,5,0.0
449,12271,1,1,0.0
449,13535,1,1,0.0
449,21292,3,3,0.0
449,8571,3,3,0.0
449,12732,3,3,0.0
450,18673,1,1,0.0
450,14519,1,1,0.0
450,20747,5,5,0.0
450,42677,2,2,0.0
450,47657,3,3,0.0
450,16170,3,3,0.0
450,43502,4,4,0.0
450,32300,2,2,0.0
450,39891,2,2,0.0
451,24852,5,5,0.0
451,28204,4,4,0.0
451,4920,5,5,0.0
451,46906,5,5,0.0
451,38383,2,2,0.0
451,26209,4,4,0.0
451,31717,3,3,0.0
451,10017,1,1,0.0
453,26165,1,1,0.0
453,39108,1,1,0.0
453,34448,1,1,0.0
453,38739,3,3,0.0
453,7043,4,4,0.0
453,11352,2,2,0.0
453,3382,2,2,0.0
453,34065,4,4,0.0
453,43713,4,4,0.0
453,49533,1,1,0.0
453,8025,4,4,0.0
453,878,2,2,0.0
453,27735,2,2,0.0
453,9424,1,1,0.0
453,895,4,4,0.0
453,37067,4,4,0.0
453,18135,5,5,0.0
453,23537,5,5,0.0
454,14074,5,5,0.0
454,48925,3,3,0.0
454,15366,1,1,0.0
454,12004,1,1,0.0
454,38837,2,2,0.0
454,34939,3,3,0.0
454,47766,1,1,0.0
454,23634,4,4,0.0
454,29487,4,4,0.0
454,31612,5,5,0.0
454,32734,4,4,0.0
454,26751,2,2,0.0
454,5640,3,3,0.0
454,13870,5,5,0.0
454,31258,3,3,0.0
454,23094,4,4,0.0
454,42265,3,3,0.0
454,20119,3,3,0.0
454,16848,1,1,0.0
454,20995,4,4,0.0
454,36149,3,3,0.0
454,41844,2,2,0.0
454,45788,1,1,0.0
454,16174,2,2,0.0
454,13712,3,3,0.0
454,28123,5,5,0.0
454,37766,5,5,0.0
454,7969,1,1,0.0
454,2086,4,4,0.0
454,19468,3,3,0.0
454,8021,2,2,0.0
454,20580,3,3,0.0
454,1618,1,1,0.0
454,46206,2,2,0.0
454,19057,1,1,0.0
454,23125,3,3,0.0
454,8774,4,4,0.0
454,34217,3,3,0.0
454,21002,5,5,0.0
454,46979,4,4,0.0
454,5994,4,4,0.0
454,26010,1,1,0.0
454,16710,2,2,0.0
454,48957,5,5,0.0
455,20738,5,5,0.0
455,24852,4,4,0.0
455,5991,4,4,0.0
455,14467,5,5,0.0
457,22882,5,5,0.0
457,27966,3,3,0.0
457,32566,5,5,0.0
457,32239,2,2,0.0
457,26209,5,5,0.0
457,3308,2,2,0.0
457,18523,1,1,0.0
457,14999,2,2,0.0
457,21883,1,1,0.0
457,47141,2,2,0.0
457,41273,4,4,0.0
457,9387,5,5,0.0
457,5068,3,3,0.0
457,46572,3,3,0.0
457,47862,3,3,0.0
457,39646,3,3,0.0
458,22935,3,3,0.0
458,5450,5,5,0.0
458,18479,2,2,0.0
459,36070,3,3,0.0
459,49683,3,3,0.0
459,33846,4,4,0.0
459,27435,2,2,0.0
459,42633,1,1,0.0
459,9387,5,5,0.0
459,47626,5,5,0.0
459,30756,4,4,0.0
459,43295,4,4,0.0
459,16797,1,1,0.0
459,11777,3,3,0.0
459,14320,3,3,0.0
459,22129,4,4,0.0
459,48123,4,4,0.0
459,16325,2,2,0.0
459,31553,3,3,0.0
459,34126,3,3,0.0
459,2966,1,1,0.0
459,45116,5,5,0.0
459,18891,2,2,0.0
459,41058,2,2,0.0
459,43530,4,4,0.0
459,12548,1,1,0.0
459,6631,4,4,0.0
460,39993,1,1,0.0
460,28601,1,1,0.0
460,6719,1,1,0.0
460,14705,4,4,0.0
460,41238,1,1,0.0
461,47209,2,2,0.0
461,26209,2,2,0.0
461,29315,1,1,0.0
461,32156,4,4,0.0
461,39351,5,5,0.0
461,37320,1,1,0.0
461,11821,4,4,0.0
461,723,1,1,0.0
461,46175,1,1,0.0
461,25745,4,4,0.0
461,6414,2,2,0.0
461,15638,4,4,0.0
461,22717,3,3,0.0
461,39620,5,5,0.0
461,47962,1,1,0.0
461,32133,1,1,0.0
461,1138,3,3,0.0
461,10321,5,5,0.0
461,21781,1,1,0.0
461,44925,4,4,0.0
461,38407,4,4,0.0
461,1313,1,1,0.0
461,19068,4,4,0.0
461,41065,3,3,0.0
461,19048,2,2,0.0
461,37646,5,5,0.0
461,47626,4,4,0.0
461,38889,3,3,0.0
461,40997,1,1,0.0
462,42536,3,3,0.0
462,26949,5,5,0.0
462,47766,3,3,0.0
462,21137,3,3,0.0
462,39275,4,4,0.0
462,12932,3,3,0.0
462,43961,1,1,0.0
462,16848,1,1,0.0
462,47059,5,5,0.0
462,47222,3,3,0.0
462,40396,2,2,0.0
462,40709,4,4,0.0
462,36397,3,3,0.0
463,36051,1,1,0.0
464,432,1,1,0.0
464,24852,1,1,0.0
464,28842,4,4,0.0
464,26209,5,5,0.0
464,27086,5,5,0.0
464,5025,2,2,0.0
464,20114,4,4,0.0
464,3896,2,2,0.0
464,32429,1,1,0.0
464,22210,2,2,0.0
464,22969,1,1,0.0
464,36085,4,4,0.0
464,13025,1,1,0.0
464,16508,1,1,0.0
464,27521,3,3,0.0
464,21162,3,3,0.0
464,4605,5,5,0.0
464,37221,4,4,0.0
464,44683,3,3,0.0
464,5818,4,4,0.0
464,10199,1,1,0.0
464,40078,5,5,0.0
464,9006,1,1,0.0
464,10644,4,4,0.0
464,27913,5,5,0.0
464,38984,3,3,0.0
464,22591,5,5,0.0
465,27104,4,4,0.0
465,28204,5,5,0.0
465,18232,5,5,0.0
465,18200,5,5,0.0
465,47823,3,3,0.0
466,12614,5,5,0.0
466,47766,3,3,0.0
466,35939,2,2,0.0
466,45763,2,2,0.0
466,16617,4,4,0.0
466,37664,3,3,0.0
466,34429,3,3,0.0
466,41578,1,1,0.0
466,43262,2,2,0.0
466,2966,2,2,0.0
467,32734,1,1,0.0
467,33731,5,5,0.0
467,48352,5,5,0.0
467,30489,4,4,0.0
467,49683,1,1,0.0
467,9698,3,3,0.0
467,6489,4,4,0.0
467,5517,3,3,0.0
467,47059,1,1,0.0
467,40878,3,3,0.0
467,32433,1,1,0.0
467,5959,1,1,0.0
467,39408,3,3,0.0
467,8174,5,5,0.0
467,248,4,4,0.0
467,14739,3,3,0.0
467,7413,1,1,0.0
467,3661,4,4,0.0
467,24518,3,3,0.0
467,13425,5,5,0.0
468,21616,1,1,0.0
468,28986,2,2,0.0
469,8903,4,4,0.0
469,24238,2,2,0.0
469,32569,3,3,0.0
469,39276,1,1,0.0
469,48527,2,2,0.0
469,35989,1,1,0.0
469,35221,1,1,0.0
470,14084,1,1,0.0
470,40174,3,3,0.0
470,44632,3,3,0.0
470,24561,1,1,0.0
470,16254,2,2,0.0
470,44422,2,2,0.0
470,37257,3,3,0.0
470,44728,5,5,0.0
470,46812,3,3,0.0
471,8193,4,4,0.0
471,10814,5,5,0.0
471,40585,5,5,0.0
471,16185,1,1,0.0
471,5337,1,1,0.0
471,19415,3,3,0.0
471,17835,4,4,0.0
471,35838,2,2,0.0
472,11422,4,4,0.0
472,14233,3,3,0.0
472,6182,3,3,0.0
472,27966,4,4,0.0
472,27845,2,2,0.0
472,13245,3,3,0.0
475,8467,3,3,0.0
475,24852,2,2,0.0
475,9515,3,3,0.0
475,28204,3,3,0.0
475,48205,4,4,0.0
476,11408,4,4,0.0
476,18918,1,1,0.0
476,29987,2,2,0.0
476,32655,2,2,0.0
476,2962,2,2,0.0
477,34407,3,3,0.0
477,26497,5,5,0.0
478,13755,2,2,0.0
478,37940,2,2,0.0
478,17965,3,3,0.0
478,49144,1,1,0.0
478,10145,3,3,0.0
478,12333,1,1,0.0
478,15905,3,3,0.0
479,5393,1,1,0.0
479,9020,1,1,0.0
479,46171,3,3,0.0
479,28755,4,4,0.0
479,38289,1,1,0.0
479,27817,5,5,0.0
479,41658,3,3,0.0
480,40261,1,1,0.0
480,20119,1,1,0.0
480,33791,3,3,0.0
480,24852,3,3,0.0
480,21472,2,2,0.0
480,35199,3,3,0.0
480,43967,3,3,0.0
480,40332,5,5,0.0
481,27323,1,1,0.0
481,40600,4,4,0.0
481,13536,2,2,0.0
481,1581,4,4,0.0
481,28647,5,5,0.0
482,33240,2,2,0.0
482,508,4,4,0.0
482,15177,4,4,0.0
482,8639,4,4,0.0
482,14089,2,2,0.0
482,16766,2,2,0.0
482,38164,1,1,0.0
482,36216,3,3,0.0
482,2611,2,2,0.0
482,32647,1,1,0.0
482,39468,3,3,0.0
482,31693,5,5,0.0
482,8912,3,3,0.0
482,12492,1,1,0.0
482,28851,5,5,0.0
482,28535,5,5,0.0
482,13176,2,2,0.0
482,34197,5,5,0.0
482,3840,1,1,0.0
482,39275,2,2,0.0
483,40469,3,3,0.0
483,5067,3,3,0.0
483,34921,4,4,0.0
483,32562,2,2,0.0
483,6265,4,4,0.0
483,47758,1,1,0.0
483,17675,5,5,0.0
484,12341,5,5,0.0
484,20776,5,5,0.0
484,16797,5,5,0.0
485,9558,1,1,0.0
485,23296,5,5,0.0
485,33548,5,5,0.0
485,23106,4,4,0.0
485,44156,4,4,0.0
485,46817,1,1,0.0
486,10060,4,4,0.0
486,13176,4,4,0.0
486,1463,2,2,0.0
486,22035,2,2,0.0
486,34230,3,3,0.0
486,8670,5,5,0.0
486,22935,3,3,0.0
486,10436,1,1,0.0
486,3952,5,5,0.0
487,13176,5,5,0.0
487,26915,1,1,0.0
487,47209,2,2,0.0
487,37646,4,4,0.0
487,10912,2,2,0.0
487,22211,3,3,0.0
487,27966,1,1,0.0
487,21777,4,4,0.0
487,48610,4,4,0.0
487,1373,3,3,0.0
487,32352,2,2,0.0
488,45066,3,3,0.0
488,9036,5,5,0.0
488,5876,2,2,0.0
488,26209,4,4,0.0
488,43122,2,2,0.0
488,24838,1,1,0.0
488,41565,1,1,0.0
489,6195,2,2,0.0
489,22025,5,5,0.0
489,6825,4,4,0.0
489,46676,1,1,0.0
489,15030,1,1,0.0
489,21709,5,5,0.0
490,44422,1,1,0.0
490,45965,1,1,0.0
490,29447,4,4,0.0
490,24706,5,5,0.0
490,48491,3,3,0.0
490,16797,4,4,0.0
490,32139,5,5,0.0
490,21903,1,1,0.0
490,12597,1,1,0.0
490,15630,4,4,0.0
490,47766,1,1,0.0
490,42701,4,4,0.0
490,11250,5,5,0.0
490,6348,1,1,0.0
490,44632,4,4,0.0
490,11193,1,1,0.0
490,36076,4,4,0.0
490,22025,1,1,0.0
490,17835,1,1,0.0
490,39877,1,1,0.0
490,7041,3,3,0.0
490,42625,1,1,0.0
491,35221,2,2,0.0
491,44632,4,4,0.0
491,13176,4,4,0.0
491,43961,1,1,0.0
491,5973,2,2,0.0
491,12686,1,1,0.0
491,13380,1,1,0.0
491,27737,5,5,0.0
491,28458,4,4,0.0
491,23148,2,2,0.0
491,34217,1,1,0.0
491,24195,4,4,0.0
491,6669,2,2,0.0
491,25762,3,3,0.0
491,4697,1,1,0.0
491,2999,5,5,0.0
493,1940,2,2,0.0
493,24852,4,4,0.0
493,24024,4,4,0.0
493,21137,4,4,0.0
493,27966,2,2,0.0
493,19173,2,2,0.0
493,26604,2,2,0.0
493,28928,1,1,0.0
493,19057,2,2,0.0
493,14858,3,3,0.0
493,22035,3,3,0.0
493,49273,4,4,0.0
493,26283,5,5,0.0
493,45,3,3,0.0
493,5450,1,1,0.0
493,20015,1,1,0.0
493,33731,3,3,0.0
493,25093,1,1,0.0
493,14992,5,5,0.0
493,40706,1,1,0.0
493,8424,2,2,0.0
493,21903,2,2,0.0
493,48595,1,1,0.0
493,24489,2,2,0.0
494,27730,4,4,0.0
494,40001,4,4,0.0
494,46069,1,1,0.0
494,11140,1,1,0.0
494,30494,1,1,0.0
494,43988,1,1,0.0
494,41860,5,5,0.0
494,30489,2,2,0.0
494,32486,3,3,0.0
494,45123,3,3,0.0
494,7821,4,4,0.0
494,9438,4,4,0.0
495,18860,1,1,0.0
495,8153,3,3,0.0
495,41131,3,3,0.0
496,742,3,3,0.0
496,14992,1,1,0.0
496,17461,2,2,0.0
498,20940,3,3,0.0
498,16797,4,4,0.0
498,12341,1,1,0.0
498,21288,5,5,0.0
498,20955,4,4,0.0
498,25133,4,4,0.0
498,8048,2,2,0.0
498,32455,5,5,0.0
498,21292,3,3,0.0
498,43352,3,3,0.0
498,46931,1,1,0.0
499,19450,1,1,0.0
499,26620,5,5,0.0
499,5456,1,1,0.0
499,46650,1,1,0.0
499,22935,3,3,0.0
499,24964,3,3,0.0
500,21903,4,4,0.0
500,34969,1,1,0.0
500,13517,5,5,0.0
500,17795,2,2,0.0
500,24852,1,1,0.0
501,43295,3,3,0.0
501,13176,4,4,0.0
501,23579,3,3,0.0
501,20693,4,4,0.0
501,20113,5,5,0.0
501,18352,1,1,0.0
501,7963,3,3,0.0
501,27344,3,3,0.0
501,35163,1,1,0.0
501,33000,3,3,0.0
501,3884,4,4,0.0
501,27966,3,3,0.0
501,34335,4,4,0.0
501,36702,4,4,0.0
501,42508,4,4,0.0
502,38672,4,4,0.0
502,24749,5,5,0.0
502,11827,5,5,0.0
502,45296,1,1,0.0
502,196,1,1,0.0
502,23888,5,5,0.0
502,32428,1,1,0.0
503,24024,3,3,0.0
503,39468,2,2,0.0
503,15290,2,2,0.0
503,39643,2,2,0.0
503,22935,5,5,0.0
503,21938,1,1,0.0
503,21137,2,2,0.0
503,47209,5,5,0.0
504,19894,2,2,0.0
504,2237,4,4,0.0
504,6628,4,4,0.0
504,49533,2,2,0.0
504,5025,1,1,0.0
504,15392,3,3,0.0
504,19678,4,4,0.0
504,22935,2,2,0.0
504,14540,2,2,0.0
504,17316,2,2,0.0
504,34358,2,2,0.0
504,5077,3,3,0.0
504,23130,1,1,0.0
504,21560,2,2,0.0
504,2994,4,4,0.0
504,35678,5,5,0.0
504,26242,2,2,0.0
504,3098,3,3,0.0
504,12442,4,4,0.0
504,33290,5,5,0.0
505,4724,5,5,0.0
505,16283,4,4,0.0
505,30827,1,1,0.0
505,8048,1,1,0.0
505,37687,2,2,0.0
506,32768,4,4,0.0
506,24852,3,3,0.0
506,47626,2,2,0.0
506,5818,4,4,0.0
506,35042,5,5,0.0
506,38379,1,1,0.0
506,31506,1,1,0.0
506,5025,4,4,0.0
506,42625,3,3,0.0
506,38797,3,3,0.0
506,5744,4,4,0.0
506,19691,3,3,0.0
506,4853,3,3,0.0
507,8580,2,2,0.0
507,9075,2,2,0.0
507,44051,3,3,0.0
507,1185,3,3,0.0
507,659,1,1,0.0
508,13176,3,3,0.0
508,34,2,2,0.0
508,21903,2,2,0.0
508,30406,5,5,0.0
508,4799,4,4,0.0
508,21850,3,3,0.0
508,15937,3,3,0.0
508,13031,2,2,0.0
508,34358,1,1,0.0
509,11520,2,2,0.0
509,31459,1,1,0.0
509,4579,5,5,0.0
509,29139,1,1,0.0
509,38400,5,5,0.0
509,16757,1,1,0.0
509,34190,1,1,0.0
509,38557,1,1,0.0
510,26604,5,5,0.0
510,43352,3,3,0.0
510,13176,4,4,0.0
511,40396,4,4,0.0
512,18465,2,2,0.0
512,13176,2,2,0.0
512,21137,5,5,0.0
512,6187,4,4,0.0
514,47209,2,2,0.0
514,34214,3,3,0.0
514,5449,1,1,0.0
514,7131,2,2,0.0
515,38567,3,3,0.0
515,2825,2,2,0.0
515,20011,3,3,0.0
515,40706,2,2,0.0
515,29722,4,4,0.0
515,35561,5,5,0.0
515,41066,2,2,0.0
515,11807,5,5,0.0
515,644,2,2,0.0
515,38618,4,4,0.0
515,41437,4,4,0.0
515,46069,1,1,0.0
515,44471,5,5,0.0
515,13176,4,4,0.0
515,35168,4,4,0.0
516,45,5,5,0.0
516,24852,4,4,0.0
516,20774,4,4,0.0
516,16397,3,3,0.0
516,7925,3,3,0.0
516,34407,3,3,0.0
516,32784,5,5,0.0
516,19800,2,2,0.0
516,11461,5,5,0.0
516,29553,5,5,0.0
518,47766,2,2,0.0
518,42585,4,4,0.0
518,39013,5,5,0.0
518,45007,5,5,0.0
518,13176,3,3,0.0
518,38609,1,1,0.0
518,17794,2,2,0.0
518,8193,4,4,0.0
519,21137,5,5,0.0
519,45066,4,4,0.0
520,16521,5,5,0.0
520,27086,1,1,0.0
520,39180,3,3,0.0
520,43192,2,2,0.0
520,24846,5,5,0.0
520,16262,2,2,0.0
520,35383,4,4,0.0
520,22537,1,1,0.0
520,19451,3,3,0.0
521,13874,3,3,0.0
521,40723,5,5,0.0
521,48637,3,3,0.0
521,41570,5,5,0.0
521,23537,4,4,0.0
521,43920,1,1,0.0
521,22627,1,1,0.0
521,21137,4,4,0.0
521,17038,5,5,0.0
521,19660,5,5,0.0
522,32611,4,4,0.0
522,31130,5,5,0.0
522,13292,4,4,0.0
522,30489,4,4,0.0
522,17706,2,2,0.0
522,26209,5,5,0.0
522,34126,3,3,0.0
522,24852,5,5,0.0
522,41950,1,1,0.0
522,10251,1,1,0.0
522,25340,3,3,0.0
522,1862,2,2,0.0
522,46676,2,2,0.0
522,2344,2,2,0.0
522,25837,1,1,0.0
522,35939,1,1,0.0
522,24184,2,2,0.0
522,30391,3,3,0.0
522,45200,5,5,0.0
522,31444,3,3,0.0
523,38689,3,3,0.0
523,25133,4,4,0.0
523,18234,5,5,0.0
524,7926,5,5,0.0
524,38051,1,1,0.0
524,1938,2,2,0.0
524,38689,2,2,0.0
524,34993,3,3,0.0
524,17183,1,1,0.0
525,5025,3,3,0.0
525,3631,5,5,0.0
525,47503,1,1,0.0
525,48679,5,5,0.0
525,22900,4,4,0.0
525,31506,3,3,0.0
525,21616,2,2,0.0
525,27930,1,1,0.0
525,47630,4,4,0.0
525,40706,4,4,0.0
526,38241,5,5,0.0
526,33548,4,4,0.0
526,46817,3,3,0.0
526,9387,5,5,0.0
526,12302,4,4,0.0
526,47977,2,2,0.0
526,36316,1,1,0.0
526,1831,1,1,0.0
526,27275,4,4,0.0
526,32553,2,2,0.0
526,23085,4,4,0.0
526,30353,2,2,0.0
526,1940,2,2,0.0
526,22489,1,1,0.0
526,46041,2,2,0.0
526,12191,1,1,0.0
526,1752,3,3,0.0
526,33397,5,5,0.0
527,35147,3,3,0.0
527,49235,1,1,0.0
527,15074,4,4,0.0
527,13852,1,1,0.0
527,6765,4,4,0.0
527,12980,2,2,0.0
527,37825,4,4,0.0
527,21903,4,4,0.0
527,35939,1,1,0.0
527,24799,4,4,0.0
527,8309,4,4,0.0
527,17461,1,1,0.0
527,41593,3,3,0.0
528,46785,3,3,0.0
528,40897,3,3,0.0
528,22182,5,5,0.0
528,44799,2,2,0.0
529,41844,2,2,0.0
529,43263,4,4,0.0
529,40212,5,5,0.0
529,31433,3,3,0.0
529,37066,1,1,0.0
529,33819,1,1,0.0
529,16464,3,3,0.0
529,6348,5,5,0.0
529,36058,5,5,0.0
529,33351,2,2,0.0
529,1069,3,3,0.0
529,26040,3,3,0.0
529,27730,5,5,0.0
529,24852,4,4,0.0
529,10492,1,1,0.0
529,40338,1,1,0.0
529,18811,4,4,0.0
529,17872,4,4,0.0
529,32299,4,4,0.0
529,43076,1,1,0.0
529,28384,3,3,0.0
529,4006,3,3,0.0
529,4656,4,4,0.0
529,16953,3,3,0.0
529,35909,3,3,0.0
530,3957,2,2,0.0
530,25371,4,4,0.0
531,32911,2,2,0.0
531,17429,4,4,0.0
531,1359,1,1,0.0
531,46962,1,1,0.0
531,38903,2,2,0.0
